city,checkin,checkout,hotel_name,price,rating,stars,distance_km,breakfast,review_count,month,day_of_week,is_weekend,stay_length
prague,2026-04-24,2026-04-26,Aparthotel Tycho de Brahe,6878,8.4,8.0,2.0,True,1005,4,4,0,2
prague,2026-04-24,2026-04-26,"STAGES HOTEL Prague, a Tribute Portfolio Hotel",9207,9.4,8.0,5.6,True,17702,4,4,0,2
prague,2026-04-24,2026-04-26,a&o Prague Rhea,4867,7.7,6.0,5.7,False,24638,4,4,0,2
prague,2026-04-24,2026-04-26,Majestic Plaza Hotel Prague,8230,8.6,8.0,1.0,False,6865,4,4,0,2
prague,2026-04-24,2026-04-26,The Cloud One Prague,5586,8.7,8.0,1.0,False,5785,4,4,0,2
prague,2026-04-24,2026-04-26,Hotel Ariston Prague,9690,8.2,8.0,2.0,True,9045,4,4,0,2
prague,2026-04-24,2026-04-26,Grandium Hotel Prague,11891,8.6,10.0,0.8,False,13914,4,4,0,2
prague,2026-04-24,2026-04-26,Grand Hotel Prague Towers - Czech Leading Hotels,8712,9.0,10.0,2.8,False,20139,4,4,0,2
prague,2026-04-24,2026-04-26,Clarion Congress Hotel Prague,11383,9.2,8.0,6.3,True,7695,4,4,0,2
prague,2026-04-24,2026-04-26,Martin Hotel Prague,7110,8.4,8.0,1.7,True,4591,4,4,0,2
prague,2026-04-24,2026-04-26,Ibis Praha Old Town,8130,8.1,6.0,0.7,False,4955,4,4,0,2
prague,2026-04-24,2026-04-26,Diplomat Hotel Prague,8718,8.9,8.0,2.6,True,6190,4,4,0,2
prague,2026-04-24,2026-04-26,City Central De Luxe,6476,7.6,6.0,1.6,True,6875,4,4,0,2
prague,2026-04-24,2026-04-26,Adria Hotel Prague,7460,8.1,8.0,0.6,True,1289,4,4,0,2
prague,2026-04-24,2026-04-26,Narodni Stay,5442,8.3,6.0,0.6,False,6021,4,4,0,2
prague,2026-04-24,2026-04-26,Hotel Praga 1885 by Wagnerstays,6682,7.8,8.0,2.4,False,2293,4,4,0,2
prague,2026-04-24,2026-04-26,Admiral Botel,5940,8.6,6.0,2.0,True,3374,4,4,0,2
prague,2026-04-24,2026-04-26,A1 Royal Plaza,7398,9.0,6.0,1.3,False,3986,4,4,0,2
prague,2026-04-24,2026-04-26,Hotel Ambiance,10688,8.3,8.0,1.7,True,6249,4,4,0,2
prague,2026-04-24,2026-04-26,NYX Hotel Prague by Leonardo Hotels,11029,8.7,8.0,0.6,False,4929,4,4,0,2
prague,2026-04-24,2026-04-26,Libero Apartments,6856,9.3,8.0,1.8,False,1818,4,4,0,2
prague,2026-04-24,2026-04-26,MOSAIC HOUSE Design Hotel,12448,9.4,8.0,1.1,False,5604,4,4,0,2
prague,2026-04-24,2026-04-28,Aparthotel Tycho de Brahe,12610,8.4,8.0,2.0,True,1005,4,4,0,4
prague,2026-04-24,2026-04-28,a&o Prague Rhea,6998,7.7,6.0,5.7,False,24638,4,4,0,4
prague,2026-04-24,2026-04-28,Majestic Plaza Hotel Prague,12368,8.6,8.0,1.0,True,6865,4,4,0,4
prague,2026-04-24,2026-04-28,The Cloud One Prague,9964,8.7,8.0,1.0,False,5785,4,4,0,4
prague,2026-04-24,2026-04-28,Hotel Ariston Prague,14157,8.2,8.0,2.0,True,9045,4,4,0,4
prague,2026-04-24,2026-04-28,Grandium Hotel Prague,16964,8.6,10.0,0.8,False,13914,4,4,0,4
prague,2026-04-24,2026-04-28,Grand Hotel Prague Towers - Czech Leading Hotels,14716,9.0,10.0,2.8,False,20139,4,4,0,4
prague,2026-04-24,2026-04-28,Clarion Congress Hotel Prague,18526,9.2,8.0,6.3,True,7695,4,4,0,4
prague,2026-04-24,2026-04-28,Perla Hotel,13332,8.7,8.0,0.4,False,5329,4,4,0,4
prague,2026-04-24,2026-04-28,Ibis Praha Old Town,12480,8.1,6.0,0.7,False,4955,4,4,0,4
prague,2026-04-24,2026-04-28,Diplomat Hotel Prague,23265,8.9,8.0,2.6,True,6190,4,4,0,4
prague,2026-04-24,2026-04-28,City Central De Luxe,9203,7.6,6.0,1.6,True,6875,4,4,0,4
prague,2026-04-24,2026-04-28,Adria Hotel Prague,11681,8.1,8.0,0.6,True,1289,4,4,0,4
prague,2026-04-24,2026-04-28,Art Nouveau Palace Hotel,19340,9.0,10.0,0.6,False,5935,4,4,0,4
prague,2026-04-24,2026-04-28,Narodni Stay,12859,8.3,6.0,0.6,False,6021,4,4,0,4
prague,2026-04-24,2026-04-28,Hotel Praga 1885 by Wagnerstays,10472,7.8,8.0,2.4,False,2293,4,4,0,4
prague,2026-04-24,2026-04-28,Admiral Botel,10615,8.6,6.0,2.0,True,3374,4,4,0,4
prague,2026-04-24,2026-04-28,A1 Royal Plaza,12096,9.0,6.0,1.3,False,3986,4,4,0,4
prague,2026-04-24,2026-04-28,Hotel Ambiance,13755,8.3,8.0,1.7,True,6249,4,4,0,4
prague,2026-04-24,2026-04-28,NYX Hotel Prague by Leonardo Hotels,16994,8.7,8.0,0.6,False,4929,4,4,0,4
prague,2026-04-24,2026-04-28,Libero Apartments,10284,9.3,8.0,1.8,False,1818,4,4,0,4
prague,2026-04-24,2026-04-28,MOSAIC HOUSE Design Hotel,17883,9.4,8.0,1.1,False,5604,4,4,0,4
prague,2026-05-06,2026-05-09,"STAGES HOTEL Prague, a Tribute Portfolio Hotel",7317,9.4,8.0,5.6,True,17702,5,2,0,3
prague,2026-05-06,2026-05-09,a&o Prague Rhea,5566,7.7,6.0,5.7,False,24638,5,2,0,3
prague,2026-05-06,2026-05-09,Hotel Praga 1885 by Wagnerstays,6601,7.8,8.0,2.4,False,2293,5,2,0,3
prague,2026-05-06,2026-05-09,Majestic Plaza Hotel Prague,9068,8.6,8.0,1.0,True,6865,5,2,0,3
prague,2026-05-06,2026-05-09,The Cloud One Prague,8425,8.7,8.0,1.0,False,5785,5,2,0,3
prague,2026-05-06,2026-05-09,Hotel Bologna,11157,8.6,8.0,0.6,True,10827,5,2,0,3
prague,2026-05-06,2026-05-09,Grandium Hotel Prague,13853,8.6,10.0,0.8,True,13914,5,2,0,3
prague,2026-05-06,2026-05-09,Perla Hotel,10624,8.7,8.0,0.4,False,5329,5,2,0,3
prague,2026-05-06,2026-05-09,Old Prague Hotel,8553,8.9,6.0,0.4,True,5753,5,2,0,3
prague,2026-05-06,2026-05-09,Louren - The Bridge Inn,9538,8.3,8.0,1.2,False,1253,5,2,0,3
prague,2026-05-06,2026-05-09,Motel One Prague-Florentinum,9650,8.7,6.0,1.0,False,4930,5,2,0,3
prague,2026-05-06,2026-05-09,Diplomat Hotel Prague,8509,8.9,8.0,2.6,True,6190,5,2,0,3
prague,2026-05-06,2026-05-09,Ibis Praha Old Town,9040,8.1,6.0,0.7,False,4955,5,2,0,3
prague,2026-05-06,2026-05-09,Mama Shelter Prague,8616,8.9,8.0,1.9,False,4641,5,2,0,3
prague,2026-05-06,2026-05-09,City Central De Luxe,12392,7.6,6.0,1.6,True,6875,5,2,0,3
prague,2026-05-06,2026-05-09,Adria Hotel Prague,12355,8.1,8.0,0.6,True,1289,5,2,0,3
prague,2026-05-06,2026-05-09,Art Nouveau Palace Hotel,13407,9.0,10.0,0.6,False,5935,5,2,0,3
prague,2026-05-06,2026-05-09,Narodni Stay,8502,8.3,6.0,0.6,False,6021,5,2,0,3
prague,2026-05-06,2026-05-09,Hotel Essence,11867,9.2,8.0,0.6,False,3090,5,2,0,3
prague,2026-05-06,2026-05-09,Admiral Botel,9641,8.6,6.0,2.0,True,3374,5,2,0,3
prague,2026-05-06,2026-05-09,A1 Royal Plaza,8897,9.0,6.0,1.3,False,3986,5,2,0,3
prague,2026-05-06,2026-05-10,"STAGES HOTEL Prague, a Tribute Portfolio Hotel",11186,9.4,8.0,5.6,True,17702,5,2,0,4
prague,2026-05-06,2026-05-10,a&o Prague Rhea,7796,7.7,6.0,5.7,False,24638,5,2,0,4
prague,2026-05-06,2026-05-10,Hotel Praga 1885 by Wagnerstays,10463,7.8,8.0,2.4,False,2293,5,2,0,4
prague,2026-05-06,2026-05-10,Majestic Plaza Hotel Prague,16097,8.6,8.0,1.0,True,6865,5,2,0,4
prague,2026-05-06,2026-05-10,The Cloud One Prague,12843,8.7,8.0,1.0,False,5785,5,2,0,4
prague,2026-05-06,2026-05-10,Hotel Bologna,31499,8.6,8.0,0.6,True,10827,5,2,0,4
prague,2026-05-06,2026-05-10,Grandium Hotel Prague,19481,8.6,10.0,0.8,True,13914,5,2,0,4
prague,2026-05-06,2026-05-10,Perla Hotel,14871,8.7,8.0,0.4,False,5329,5,2,0,4
prague,2026-05-06,2026-05-10,Louren - The Bridge Inn,14974,8.3,8.0,1.2,False,1253,5,2,0,4
prague,2026-05-06,2026-05-10,Motel One Prague-Florentinum,14200,8.7,6.0,1.0,False,4930,5,2,0,4
prague,2026-05-06,2026-05-10,Diplomat Hotel Prague,12698,8.9,8.0,2.6,True,6190,5,2,0,4
prague,2026-05-06,2026-05-10,Ibis Praha Old Town,12912,8.1,6.0,0.7,False,4955,5,2,0,4
prague,2026-05-06,2026-05-10,Mama Shelter Prague,12315,8.9,8.0,1.9,False,4641,5,2,0,4
prague,2026-05-06,2026-05-10,City Central De Luxe,19525,7.6,6.0,1.6,True,6875,5,2,0,4
prague,2026-05-06,2026-05-10,Adria Hotel Prague,13454,8.1,8.0,0.6,True,1289,5,2,0,4
prague,2026-05-06,2026-05-10,Narodni Stay,12324,8.3,6.0,0.6,False,6021,5,2,0,4
prague,2026-05-06,2026-05-10,Hotel Essence,18036,9.2,8.0,0.6,False,3090,5,2,0,4
prague,2026-05-06,2026-05-10,Admiral Botel,13342,8.6,6.0,2.0,True,3374,5,2,0,4
prague,2026-05-06,2026-05-10,A1 Royal Plaza,12596,9.0,6.0,1.3,False,3986,5,2,0,4
prague,2026-05-06,2026-05-10,Art Nouveau Palace Hotel,20527,9.0,10.0,0.6,False,5935,5,2,0,4
prague,2026-05-06,2026-05-10,Grandior Hotel Prague,16532,8.9,10.0,1.1,True,11695,5,2,0,4
prague,2026-05-18,2026-05-20,"STAGES HOTEL Prague, a Tribute Portfolio Hotel",8221,9.4,8.0,5.6,True,17702,5,0,0,2
prague,2026-05-18,2026-05-20,a&o Prague Rhea,2574,7.7,6.0,5.7,False,24638,5,0,0,2
prague,2026-05-18,2026-05-20,Hotel Praga 1885 by Wagnerstays,3682,7.8,8.0,2.4,False,2293,5,0,0,2
prague,2026-05-18,2026-05-20,Majestic Plaza Hotel Prague,6542,8.6,8.0,1.0,True,6865,5,0,0,2
prague,2026-05-18,2026-05-20,The Cloud One Prague,6329,8.7,8.0,1.0,False,5785,5,0,0,2
prague,2026-05-18,2026-05-20,Hotel Bologna,6896,8.6,8.0,0.6,True,10827,5,0,0,2
prague,2026-05-18,2026-05-20,Perla Hotel,8377,8.7,8.0,0.4,False,5329,5,0,0,2
prague,2026-05-18,2026-05-20,Hotel Ariston Prague,3551,8.2,8.0,2.0,True,9045,5,0,0,2
prague,2026-05-18,2026-05-20,Grandium Hotel Prague,9360,8.6,10.0,0.8,True,13914,5,0,0,2
prague,2026-05-18,2026-05-20,Congress & Wellness Hotel Olsanka,3686,7.8,8.0,2.7,False,9698,5,0,0,2
prague,2026-05-18,2026-05-20,Louren - The Bridge Inn,4883,8.3,8.0,1.2,False,1253,5,0,0,2
prague,2026-05-18,2026-05-20,Mama Shelter Prague,6912,8.9,8.0,1.9,False,4641,5,0,0,2
prague,2026-05-18,2026-05-20,Motel One Prague-Florentinum,6500,8.7,6.0,1.0,False,4930,5,0,0,2
prague,2026-05-18,2026-05-20,Diplomat Hotel Prague,8463,8.9,8.0,2.6,True,6190,5,0,0,2
prague,2026-05-18,2026-05-20,Ibis Praha Old Town,6226,8.1,6.0,0.7,False,4955,5,0,0,2
prague,2026-05-18,2026-05-20,City Central De Luxe,4163,7.6,6.0,1.6,True,6875,5,0,0,2
prague,2026-05-18,2026-05-20,Adria Hotel Prague,5192,8.1,8.0,0.6,True,1289,5,0,0,2
prague,2026-05-18,2026-05-20,Narodni Stay,4463,8.3,6.0,0.6,False,6021,5,0,0,2
prague,2026-05-18,2026-05-20,Hotel Essence,6513,9.2,8.0,0.6,False,3090,5,0,0,2
prague,2026-05-18,2026-05-20,Mostecká 12 Residence,5115,9.1,6.0,1.1,False,1022,5,0,0,2
prague,2026-05-18,2026-05-20,A1 Royal Plaza,5198,9.0,6.0,1.3,False,3986,5,0,0,2
prague,2026-05-18,2026-05-21,a&o Prague Rhea,3736,7.7,6.0,5.7,False,24638,5,0,0,3
prague,2026-05-18,2026-05-21,Hotel Praga 1885 by Wagnerstays,5498,7.8,8.0,2.4,False,2293,5,0,0,3
prague,2026-05-18,2026-05-21,Majestic Plaza Hotel Prague,13557,8.6,8.0,1.0,True,6865,5,0,0,3
prague,2026-05-18,2026-05-21,The Cloud One Prague,10468,8.7,8.0,1.0,False,5785,5,0,0,3
prague,2026-05-18,2026-05-21,Hotel Bologna,11863,8.6,8.0,0.6,True,10827,5,0,0,3
prague,2026-05-18,2026-05-21,Perla Hotel,14858,8.7,8.0,0.4,False,5329,5,0,0,3
prague,2026-05-18,2026-05-21,Grandium Hotel Prague,12674,8.6,10.0,0.8,True,13914,5,0,0,3
prague,2026-05-18,2026-05-21,Congress & Wellness Hotel Olsanka,5303,7.8,8.0,2.7,False,9698,5,0,0,3
prague,2026-05-18,2026-05-21,Louren - The Bridge Inn,8105,8.3,8.0,1.2,False,1253,5,0,0,3
prague,2026-05-18,2026-05-21,Mama Shelter Prague,10709,8.9,8.0,1.9,False,4641,5,0,0,3
prague,2026-05-18,2026-05-21,Motel One Prague-Florentinum,10250,8.7,6.0,1.0,False,4930,5,0,0,3
prague,2026-05-18,2026-05-21,Diplomat Hotel Prague,11500,8.9,8.0,2.6,True,6190,5,0,0,3
prague,2026-05-18,2026-05-21,Ibis Praha Old Town,9215,8.1,6.0,0.7,False,4955,5,0,0,3
prague,2026-05-18,2026-05-21,City Central De Luxe,6671,7.6,6.0,1.6,True,6875,5,0,0,3
prague,2026-05-18,2026-05-21,Adria Hotel Prague,8008,8.1,8.0,0.6,True,1289,5,0,0,3
prague,2026-05-18,2026-05-21,Narodni Stay,6695,8.3,6.0,0.6,False,6021,5,0,0,3
prague,2026-05-18,2026-05-21,Hotel Essence,13346,9.2,8.0,0.6,False,3090,5,0,0,3
prague,2026-05-18,2026-05-21,Mostecká 12 Residence,7635,9.1,6.0,1.1,False,1022,5,0,0,3
prague,2026-05-18,2026-05-21,A1 Royal Plaza,7797,9.0,6.0,1.3,False,3986,5,0,0,3
prague,2026-05-18,2026-05-21,Grandior Hotel Prague,14129,8.9,10.0,1.1,True,11695,5,0,0,3
prague,2026-05-18,2026-05-21,Art Nouveau Palace Hotel,21784,9.0,10.0,0.6,False,5935,5,0,0,3
prague,2026-05-30,2026-06-01,"STAGES HOTEL Prague, a Tribute Portfolio Hotel",8708,9.4,8.0,5.6,True,17702,5,5,1,2
prague,2026-05-30,2026-06-01,a&o Prague Rhea,3515,7.7,6.0,5.7,False,24638,5,5,1,2
prague,2026-05-30,2026-06-01,Hotel Praga 1885 by Wagnerstays,5106,7.8,8.0,2.4,False,2293,5,5,1,2
prague,2026-05-30,2026-06-01,Majestic Plaza Hotel Prague,7976,8.6,8.0,1.0,True,6865,5,5,1,2
prague,2026-05-30,2026-06-01,The Cloud One Prague,5586,8.7,8.0,1.0,False,5785,5,5,1,2
prague,2026-05-30,2026-06-01,Hotel Bologna,8941,8.6,8.0,0.6,True,10827,5,5,1,2
prague,2026-05-30,2026-06-01,Hotel Ariston Prague,4942,8.2,8.0,2.0,True,9045,5,5,1,2
prague,2026-05-30,2026-06-01,Grandium Hotel Prague,7656,8.6,10.0,0.8,True,13914,5,5,1,2
prague,2026-05-30,2026-06-01,Congress & Wellness Hotel Olsanka,4026,7.8,8.0,2.7,False,9698,5,5,1,2
prague,2026-05-30,2026-06-01,Louren - The Bridge Inn,8138,8.3,8.0,1.2,False,1253,5,5,1,2
prague,2026-05-30,2026-06-01,Mama Shelter Prague,6012,8.9,8.0,1.9,False,4641,5,5,1,2
prague,2026-05-30,2026-06-01,Motel One Prague-Florentinum,6000,8.7,6.0,1.0,False,4930,5,5,1,2
prague,2026-05-30,2026-06-01,Diplomat Hotel Prague,6995,8.9,8.0,2.6,True,6190,5,5,1,2
prague,2026-05-30,2026-06-01,Ibis Praha Old Town,6456,8.1,6.0,0.7,False,4955,5,5,1,2
prague,2026-05-30,2026-06-01,City Central De Luxe,8059,7.6,6.0,1.6,True,6875,5,5,1,2
prague,2026-05-30,2026-06-01,Narodni Stay,5962,8.3,6.0,0.6,False,6021,5,5,1,2
prague,2026-05-30,2026-06-01,Hotel Essence,9981,9.2,8.0,0.6,False,3090,5,5,1,2
prague,2026-05-30,2026-06-01,Grandior Hotel Prague,7446,8.9,10.0,1.1,True,11695,5,5,1,2
prague,2026-05-30,2026-06-01,NYX Hotel Prague by Leonardo Hotels,9485,8.7,8.0,0.6,False,4929,5,5,1,2
prague,2026-05-30,2026-06-01,Libero Apartments,7713,9.3,8.0,1.8,False,1818,5,5,1,2
prague,2026-05-30,2026-06-01,MOSAIC HOUSE Design Hotel,8709,9.4,8.0,1.1,False,5604,5,5,1,2
prague,2026-05-30,2026-06-01,OREA Hotel Andels Praha,12838,9.0,8.0,2.2,True,4958,5,5,1,2
prague,2026-05-30,2026-05-31,Hotel Meda of Museum Kampa,3103,7.6,6.0,2.3,True,5273,5,5,1,1
prague,2026-05-30,2026-05-31,"STAGES HOTEL Prague, a Tribute Portfolio Hotel",5656,9.4,8.0,5.6,True,17702,5,5,1,1
prague,2026-05-30,2026-05-31,a&o Prague Rhea,2215,7.7,6.0,5.7,False,24638,5,5,1,1
prague,2026-05-30,2026-05-31,Majestic Plaza Hotel Prague,5753,8.6,8.0,1.0,True,6865,5,5,1,1
prague,2026-05-30,2026-05-31,The Cloud One Prague,3950,8.7,8.0,1.0,False,5785,5,5,1,1
prague,2026-05-30,2026-05-31,Hotel Bologna,7583,8.6,8.0,0.6,True,10827,5,5,1,1
prague,2026-05-30,2026-05-31,Hotel Ariston Prague,3136,8.2,8.0,2.0,True,9045,5,5,1,1
prague,2026-05-30,2026-05-31,Grandium Hotel Prague,4398,8.6,10.0,0.8,True,13914,5,5,1,1
prague,2026-05-30,2026-05-31,Congress & Wellness Hotel Olsanka,2522,7.8,8.0,2.7,False,9698,5,5,1,1
prague,2026-05-30,2026-05-31,Louren - The Bridge Inn,5046,8.3,8.0,1.2,False,1253,5,5,1,1
prague,2026-05-30,2026-05-31,Mama Shelter Prague,3846,8.9,8.0,1.9,False,4641,5,5,1,1
prague,2026-05-30,2026-05-31,Diplomat Hotel Prague,4711,8.9,8.0,2.6,True,6190,5,5,1,1
prague,2026-05-30,2026-05-31,Art Nouveau Palace Hotel,5999,9.0,10.0,0.6,False,5935,5,5,1,1
prague,2026-05-30,2026-05-31,City Central De Luxe,5551,7.6,6.0,1.6,True,6875,5,5,1,1
prague,2026-05-30,2026-05-31,Grandior Hotel Prague,4780,8.9,10.0,1.1,True,11695,5,5,1,1
prague,2026-05-30,2026-05-31,NYX Hotel Prague by Leonardo Hotels,6233,8.7,8.0,0.6,False,4929,5,5,1,1
prague,2026-05-30,2026-05-31,OREA Hotel Andels Praha,6419,9.0,8.0,2.2,True,4958,5,5,1,1
prague,2026-05-30,2026-05-31,Petrin Tower Residence,6941,9.1,8.0,1.3,False,5027,5,5,1,1
prague,2026-05-30,2026-05-31,Hermitage Hotel Prague,3830,9.1,8.0,2.1,False,5867,5,5,1,1
prague,2026-05-30,2026-05-31,Hotel Duo & Wellness,4124,8.4,8.0,6.4,False,12036,5,5,1,1
prague,2026-05-30,2026-05-31,Zleep Hotel Prague,2638,8.4,6.0,4.5,False,3635,5,5,1,1
prague,2026-05-30,2026-05-31,Ambassador Zlata Husa,6076,8.3,10.0,0.45,False,1988,5,5,1,1
prague,2026-06-11,2026-06-14,"STAGES HOTEL Prague, a Tribute Portfolio Hotel",10601,9.4,8.0,5.6,True,17702,6,3,0,3
prague,2026-06-11,2026-06-14,a&o Prague Rhea,6361,7.7,6.0,5.7,False,24638,6,3,0,3
prague,2026-06-11,2026-06-14,Hotel Praga 1885 by Wagnerstays,7113,7.8,8.0,2.4,False,2293,6,3,0,3
prague,2026-06-11,2026-06-14,Majestic Plaza Hotel Prague,10529,8.6,8.0,1.0,True,6865,6,3,0,3
prague,2026-06-11,2026-06-14,The Cloud One Prague,11629,8.7,8.0,1.0,False,5785,6,3,0,3
prague,2026-06-11,2026-06-14,Hotel Bologna,12866,8.6,8.0,0.6,True,10827,6,3,0,3
prague,2026-06-11,2026-06-14,Grandium Hotel Prague,10764,8.6,10.0,0.8,True,13914,6,3,0,3
prague,2026-06-11,2026-06-14,Martin Hotel Prague,10897,8.4,8.0,1.7,True,4591,6,3,0,3
prague,2026-06-11,2026-06-14,Motel One Prague-Florentinum,11750,8.7,6.0,1.0,False,4930,6,3,0,3
prague,2026-06-11,2026-06-14,Diplomat Hotel Prague,16512,8.9,8.0,2.6,True,6190,6,3,0,3
prague,2026-06-11,2026-06-14,Ibis Praha Old Town,9477,8.1,6.0,0.7,False,4955,6,3,0,3
prague,2026-06-11,2026-06-14,Perla Hotel,13412,8.7,8.0,0.4,False,5329,6,3,0,3
prague,2026-06-11,2026-06-14,Adria Hotel Prague,10581,8.1,8.0,0.6,True,1289,6,3,0,3
prague,2026-06-11,2026-06-14,Mama Shelter Prague,13241,8.9,8.0,1.9,False,4641,6,3,0,3
prague,2026-06-11,2026-06-14,Narodni Stay,7530,8.3,6.0,0.6,False,6021,6,3,0,3
prague,2026-06-11,2026-06-14,Hotel Essence,12606,9.2,8.0,0.6,False,3090,6,3,0,3
prague,2026-06-11,2026-06-14,A1 Royal Plaza,9997,9.0,6.0,1.3,False,3986,6,3,0,3
prague,2026-06-11,2026-06-14,Art Nouveau Palace Hotel,16302,9.0,10.0,0.6,False,5935,6,3,0,3
prague,2026-06-11,2026-06-14,NYX Hotel Prague by Leonardo Hotels,13351,8.7,8.0,0.6,False,4929,6,3,0,3
prague,2026-06-11,2026-06-14,Libero Apartments,10016,9.3,8.0,1.8,False,1818,6,3,0,3
prague,2026-06-11,2026-06-14,MOSAIC HOUSE Design Hotel,11097,9.4,8.0,1.1,False,5604,6,3,0,3
prague,2026-06-11,2026-06-13,"STAGES HOTEL Prague, a Tribute Portfolio Hotel",5216,9.4,8.0,5.6,True,17702,6,3,0,2
prague,2026-06-11,2026-06-13,a&o Prague Rhea,4039,7.7,6.0,5.7,False,24638,6,3,0,2
prague,2026-06-11,2026-06-13,Hotel Praga 1885 by Wagnerstays,4903,7.8,8.0,2.4,False,2293,6,3,0,2
prague,2026-06-11,2026-06-13,Majestic Plaza Hotel Prague,6948,8.6,8.0,1.0,True,6865,6,3,0,2
prague,2026-06-11,2026-06-13,The Cloud One Prague,7396,8.7,8.0,1.0,False,5785,6,3,0,2
prague,2026-06-11,2026-06-13,Hotel Bologna,6820,8.6,8.0,0.6,True,10827,6,3,0,2
prague,2026-06-11,2026-06-13,Grandium Hotel Prague,7085,8.6,10.0,0.8,True,13914,6,3,0,2
prague,2026-06-11,2026-06-13,Clarion Congress Hotel Prague,7144,9.2,8.0,6.3,True,7695,6,3,0,2
prague,2026-06-11,2026-06-13,Martin Hotel Prague,7436,8.4,8.0,1.7,True,4591,6,3,0,2
prague,2026-06-11,2026-06-13,Old Prague Hotel,6505,8.9,6.0,0.4,True,5753,6,3,0,2
prague,2026-06-11,2026-06-13,Motel One Prague-Florentinum,8000,8.7,6.0,1.0,False,4930,6,3,0,2
prague,2026-06-11,2026-06-13,Diplomat Hotel Prague,11366,8.9,8.0,2.6,True,6190,6,3,0,2
prague,2026-06-11,2026-06-13,Krakovka Residence,7074,8.9,8.0,1.2,False,940,6,3,0,2
prague,2026-06-11,2026-06-13,Adria Hotel Prague,7054,8.1,8.0,0.6,True,1289,6,3,0,2
prague,2026-06-11,2026-06-13,Narodni Stay,4839,8.3,6.0,0.6,False,6021,6,3,0,2
prague,2026-06-11,2026-06-13,Hotel Essence,9020,9.2,8.0,0.6,False,3090,6,3,0,2
prague,2026-06-11,2026-06-13,A1 Royal Plaza,6298,9.0,6.0,1.3,False,3986,6,3,0,2
prague,2026-06-11,2026-06-13,Mama Shelter Prague,9688,8.9,8.0,1.9,False,4641,6,3,0,2
prague,2026-06-11,2026-06-13,NYX Hotel Prague by Leonardo Hotels,8412,8.7,8.0,0.6,False,4929,6,3,0,2
prague,2026-06-11,2026-06-13,Libero Apartments,7070,9.3,8.0,1.8,False,1818,6,3,0,2
prague,2026-06-11,2026-06-13,MOSAIC HOUSE Design Hotel,6811,9.4,8.0,1.1,False,5604,6,3,0,2
prague,2026-06-11,2026-06-13,Petrin Tower Residence,6553,9.1,8.0,1.3,False,5027,6,3,0,2
prague,2026-06-23,2026-06-26,"STAGES HOTEL Prague, a Tribute Portfolio Hotel",9512,9.4,8.0,5.6,True,17702,6,1,0,3
prague,2026-06-23,2026-06-26,a&o Prague Rhea,4168,7.7,6.0,5.7,False,24638,6,1,0,3
prague,2026-06-23,2026-06-26,Hotel Praga 1885 by Wagnerstays,5279,7.8,8.0,2.4,False,2293,6,1,0,3
prague,2026-06-23,2026-06-26,Majestic Plaza Hotel Prague,7801,8.6,8.0,1.0,True,6865,6,1,0,3
prague,2026-06-23,2026-06-26,The Cloud One Prague,8796,8.7,8.0,1.0,False,5785,6,1,0,3
prague,2026-06-23,2026-06-26,Hotel Bologna,7558,8.6,8.0,0.6,True,10827,6,1,0,3
prague,2026-06-23,2026-06-26,Perla Hotel,8657,8.7,8.0,0.4,False,5329,6,1,0,3
prague,2026-06-23,2026-06-26,Hotel Ariston Prague,6337,8.2,8.0,2.0,True,9045,6,1,0,3
prague,2026-06-23,2026-06-26,Grandium Hotel Prague,8590,8.6,10.0,0.8,True,13914,6,1,0,3
prague,2026-06-23,2026-06-26,Grand Hotel Prague Towers - Czech Leading Hotels,11066,9.0,10.0,2.8,False,20139,6,1,0,3
prague,2026-06-23,2026-06-26,Congress & Wellness Hotel Olsanka,5506,7.8,8.0,2.7,False,9698,6,1,0,3
prague,2026-06-23,2026-06-26,Martin Hotel Prague,9486,8.4,8.0,1.7,True,4591,6,1,0,3
prague,2026-06-23,2026-06-26,Motel One Prague-Florentinum,8950,8.7,6.0,1.0,False,4930,6,1,0,3
prague,2026-06-23,2026-06-26,Diplomat Hotel Prague,11450,8.9,8.0,2.6,True,6190,6,1,0,3
prague,2026-06-23,2026-06-26,Ibis Praha Old Town,7755,8.1,6.0,0.7,False,4955,6,1,0,3
prague,2026-06-23,2026-06-26,Clarion Congress Hotel Prague,7437,9.2,8.0,6.3,True,7695,6,1,0,3
prague,2026-06-23,2026-06-26,Krakovka Residence,7112,8.9,8.0,1.2,False,940,6,1,0,3
prague,2026-06-23,2026-06-26,Adria Hotel Prague,8184,8.1,8.0,0.6,True,1289,6,1,0,3
prague,2026-06-23,2026-06-26,Mama Shelter Prague,22249,8.9,8.0,1.9,False,4641,6,1,0,3
prague,2026-06-23,2026-06-26,Narodni Stay,6182,8.3,6.0,0.6,False,6021,6,1,0,3
prague,2026-06-23,2026-06-26,Hotel Essence,8830,9.2,8.0,0.6,False,3090,6,1,0,3
prague,2026-06-23,2026-06-27,"STAGES HOTEL Prague, a Tribute Portfolio Hotel",14471,9.4,8.0,5.6,True,17702,6,1,0,4
prague,2026-06-23,2026-06-27,a&o Prague Rhea,6334,7.7,6.0,5.7,False,24638,6,1,0,4
prague,2026-06-23,2026-06-27,Hotel Praga 1885 by Wagnerstays,8700,7.8,8.0,2.4,False,2293,6,1,0,4
prague,2026-06-23,2026-06-27,Majestic Plaza Hotel Prague,12035,8.6,8.0,1.0,True,6865,6,1,0,4
prague,2026-06-23,2026-06-27,The Cloud One Prague,12704,8.7,8.0,1.0,False,5785,6,1,0,4
prague,2026-06-23,2026-06-27,Hotel Bologna,12600,8.6,8.0,0.6,True,10827,6,1,0,4
prague,2026-06-23,2026-06-27,Perla Hotel,14780,8.7,8.0,0.4,False,5329,6,1,0,4
prague,2026-06-23,2026-06-27,Grandium Hotel Prague,13188,8.6,10.0,0.8,True,13914,6,1,0,4
prague,2026-06-23,2026-06-27,Grand Hotel Prague Towers - Czech Leading Hotels,20838,9.0,10.0,2.8,False,20139,6,1,0,4
prague,2026-06-23,2026-06-27,Congress & Wellness Hotel Olsanka,7553,7.8,8.0,2.7,False,9698,6,1,0,4
prague,2026-06-23,2026-06-27,Martin Hotel Prague,14023,8.4,8.0,1.7,True,4591,6,1,0,4
prague,2026-06-23,2026-06-27,Motel One Prague-Florentinum,13200,8.7,6.0,1.0,False,4930,6,1,0,4
prague,2026-06-23,2026-06-27,Diplomat Hotel Prague,17990,8.9,8.0,2.6,True,6190,6,1,0,4
prague,2026-06-23,2026-06-27,Ibis Praha Old Town,11176,8.1,6.0,0.7,False,4955,6,1,0,4
prague,2026-06-23,2026-06-27,Krakovka Residence,11446,8.9,8.0,1.2,False,940,6,1,0,4
prague,2026-06-23,2026-06-27,Adria Hotel Prague,16468,8.1,8.0,0.6,True,1289,6,1,0,4
prague,2026-06-23,2026-06-27,Mama Shelter Prague,26168,8.9,8.0,1.9,False,4641,6,1,0,4
prague,2026-06-23,2026-06-27,Clarion Congress Hotel Prague,20969,9.2,8.0,6.3,True,7695,6,1,0,4
prague,2026-06-23,2026-06-27,Narodni Stay,11882,8.3,6.0,0.6,False,6021,6,1,0,4
prague,2026-06-23,2026-06-27,Hotel Essence,15014,9.2,8.0,0.6,False,3090,6,1,0,4
prague,2026-06-23,2026-06-27,Mostecká 12 Residence,12096,9.1,6.0,1.1,False,1022,6,1,0,4
prague,2026-07-05,2026-07-09,Hotel Praga 1885 by Wagnerstays,7285,7.8,8.0,2.4,False,2293,7,6,1,4
prague,2026-07-05,2026-07-09,Majestic Plaza Hotel Prague,9825,8.6,8.0,1.0,True,6865,7,6,1,4
prague,2026-07-05,2026-07-09,The Cloud One Prague,8479,8.7,8.0,1.0,False,5785,7,6,1,4
prague,2026-07-05,2026-07-09,Hotel Bologna,11169,8.6,8.0,0.6,True,10827,7,6,1,4
prague,2026-07-05,2026-07-09,Perla Hotel,9371,8.7,8.0,0.4,False,5329,7,6,1,4
prague,2026-07-05,2026-07-09,Hotel Ariston Prague,8459,8.2,8.0,2.0,True,9045,7,6,1,4
prague,2026-07-05,2026-07-09,Grandium Hotel Prague,11229,8.6,10.0,0.8,True,13914,7,6,1,4
prague,2026-07-05,2026-07-09,a&o Prague Rhea,4697,7.7,6.0,5.7,False,24638,7,6,1,4
prague,2026-07-05,2026-07-09,Congress & Wellness Hotel Olsanka,6466,7.8,8.0,2.7,False,9698,7,6,1,4
prague,2026-07-05,2026-07-09,Martin Hotel Prague,10715,8.4,8.0,1.7,True,4591,7,6,1,4
prague,2026-07-05,2026-07-09,Motel One Prague-Florentinum,11100,8.7,6.0,1.0,False,4930,7,6,1,4
prague,2026-07-05,2026-07-09,Diplomat Hotel Prague,11718,8.9,8.0,2.6,True,6190,7,6,1,4
prague,2026-07-05,2026-07-09,Clarion Congress Hotel Prague,10921,9.2,8.0,6.3,True,7695,7,6,1,4
prague,2026-07-05,2026-07-09,City Central De Luxe,11491,7.6,6.0,1.6,True,6875,7,6,1,4
prague,2026-07-05,2026-07-09,Narodni Stay,9793,8.3,6.0,0.6,False,6021,7,6,1,4
prague,2026-07-05,2026-07-09,Hotel Essence,11742,9.2,8.0,0.6,False,3090,7,6,1,4
prague,2026-07-05,2026-07-09,Mostecká 12 Residence,12095,9.1,6.0,1.1,False,1022,7,6,1,4
prague,2026-07-05,2026-07-09,Admiral Botel,10323,8.6,6.0,2.0,True,3374,7,6,1,4
prague,2026-07-05,2026-07-09,A1 Royal Plaza,9596,9.0,6.0,1.3,False,3986,7,6,1,4
prague,2026-07-05,2026-07-09,Art Nouveau Palace Hotel,15387,9.0,10.0,0.6,False,5935,7,6,1,4
prague,2026-07-05,2026-07-09,Mama Shelter Prague,9856,8.9,8.0,1.9,False,4641,7,6,1,4
prague,2026-07-05,2026-07-10,Hotel Praga 1885 by Wagnerstays,9839,7.8,8.0,2.4,False,2293,7,6,1,5
prague,2026-07-05,2026-07-10,Majestic Plaza Hotel Prague,12617,8.6,8.0,1.0,True,6865,7,6,1,5
prague,2026-07-05,2026-07-10,The Cloud One Prague,10668,8.7,8.0,1.0,False,5785,7,6,1,5
prague,2026-07-05,2026-07-10,Hotel Bologna,13961,8.6,8.0,0.6,True,10827,7,6,1,5
prague,2026-07-05,2026-07-10,Perla Hotel,11622,8.7,8.0,0.4,False,5329,7,6,1,5
prague,2026-07-05,2026-07-10,Hotel Ariston Prague,10536,8.2,8.0,2.0,True,9045,7,6,1,5
prague,2026-07-05,2026-07-10,Grandium Hotel Prague,14731,8.6,10.0,0.8,True,13914,7,6,1,5
prague,2026-07-05,2026-07-10,a&o Prague Rhea,6134,7.7,6.0,5.7,False,24638,7,6,1,5
prague,2026-07-05,2026-07-10,Congress & Wellness Hotel Olsanka,8083,7.8,8.0,2.7,False,9698,7,6,1,5
prague,2026-07-05,2026-07-10,Martin Hotel Prague,13372,8.4,8.0,1.7,True,4591,7,6,1,5
prague,2026-07-05,2026-07-10,Motel One Prague-Florentinum,14350,8.7,6.0,1.0,False,4930,7,6,1,5
prague,2026-07-05,2026-07-10,Clarion Congress Hotel Prague,13425,9.2,8.0,6.3,True,7695,7,6,1,5
prague,2026-07-05,2026-07-10,Diplomat Hotel Prague,15430,8.9,8.0,2.6,True,6190,7,6,1,5
prague,2026-07-05,2026-07-10,City Central De Luxe,15216,7.6,6.0,1.6,True,6875,7,6,1,5
prague,2026-07-05,2026-07-10,Narodni Stay,12241,8.3,6.0,0.6,False,6021,7,6,1,5
prague,2026-07-05,2026-07-10,Hotel Essence,15361,9.2,8.0,0.6,False,3090,7,6,1,5
prague,2026-07-05,2026-07-10,Mostecká 12 Residence,14993,9.1,6.0,1.1,False,1022,7,6,1,5
prague,2026-07-05,2026-07-10,A1 Royal Plaza,11995,9.0,6.0,1.3,False,3986,7,6,1,5
prague,2026-07-05,2026-07-10,Mama Shelter Prague,12972,8.9,8.0,1.9,False,4641,7,6,1,5
prague,2026-07-05,2026-07-10,Grandior Hotel Prague,13588,8.9,10.0,1.1,True,11695,7,6,1,5
prague,2026-07-05,2026-07-10,Art Nouveau Palace Hotel,19905,9.0,10.0,0.6,False,5935,7,6,1,5
prague,2026-07-17,2026-07-22,"STAGES HOTEL Prague, a Tribute Portfolio Hotel",10937,9.4,8.0,5.6,True,17702,7,4,0,5
prague,2026-07-17,2026-07-22,Hotel Praga 1885 by Wagnerstays,11890,7.8,8.0,2.4,False,2293,7,4,0,5
prague,2026-07-17,2026-07-22,Majestic Plaza Hotel Prague,13962,8.6,8.0,1.0,True,6865,7,4,0,5
prague,2026-07-17,2026-07-22,The Cloud One Prague,10668,8.7,8.0,1.0,False,5785,7,4,0,5
prague,2026-07-17,2026-07-22,Hotel Bologna,15160,8.6,8.0,0.6,True,10827,7,4,0,5
prague,2026-07-17,2026-07-22,Hotel Ariston Prague,11406,8.2,8.0,2.0,True,9045,7,4,0,5
prague,2026-07-17,2026-07-22,Grandium Hotel Prague,16076,8.6,10.0,0.8,True,13914,7,4,0,5
prague,2026-07-17,2026-07-22,Perla Hotel,12370,8.7,8.0,0.4,False,5329,7,4,0,5
prague,2026-07-17,2026-07-22,Clarion Congress Hotel Prague,13514,9.2,8.0,6.3,True,7695,7,4,0,5
prague,2026-07-17,2026-07-22,a&o Prague Rhea,7501,7.7,6.0,5.7,False,24638,7,4,0,5
prague,2026-07-17,2026-07-22,Congress & Wellness Hotel Olsanka,8309,7.8,8.0,2.7,False,9698,7,4,0,5
prague,2026-07-17,2026-07-22,Martin Hotel Prague,15692,8.4,8.0,1.7,True,4591,7,4,0,5
prague,2026-07-17,2026-07-22,Motel One Prague-Florentinum,15350,8.7,6.0,1.0,False,4930,7,4,0,5
prague,2026-07-17,2026-07-22,Diplomat Hotel Prague,20158,8.9,8.0,2.6,True,6190,7,4,0,5
prague,2026-07-17,2026-07-22,Krakovka Residence,14180,8.9,8.0,1.2,False,940,7,4,0,5
prague,2026-07-17,2026-07-22,Art Nouveau Palace Hotel,19263,9.0,10.0,0.6,False,5935,7,4,0,5
prague,2026-07-17,2026-07-22,City Central De Luxe,18625,7.6,6.0,1.6,True,6875,7,4,0,5
prague,2026-07-17,2026-07-22,Adria Hotel Prague,13545,8.1,8.0,0.6,True,1289,7,4,0,5
prague,2026-07-17,2026-07-22,Narodni Stay,15384,8.3,6.0,0.6,False,6021,7,4,0,5
prague,2026-07-17,2026-07-22,Hotel Essence,17869,9.2,8.0,0.6,False,3090,7,4,0,5
prague,2026-07-17,2026-07-22,Mostecká 12 Residence,14741,9.1,6.0,1.1,False,1022,7,4,0,5
prague,2026-07-17,2026-07-19,"STAGES HOTEL Prague, a Tribute Portfolio Hotel",5106,9.4,8.0,5.6,True,17702,7,4,0,2
prague,2026-07-17,2026-07-19,Hotel Praga 1885 by Wagnerstays,5927,7.8,8.0,2.4,False,2293,7,4,0,2
prague,2026-07-17,2026-07-19,Majestic Plaza Hotel Prague,6450,8.6,8.0,1.0,True,6865,7,4,0,2
prague,2026-07-17,2026-07-19,The Cloud One Prague,4379,8.7,8.0,1.0,False,5785,7,4,0,2
prague,2026-07-17,2026-07-19,Hotel Bologna,6644,8.6,8.0,0.6,True,10827,7,4,0,2
prague,2026-07-17,2026-07-19,Hotel Ariston Prague,4562,8.2,8.0,2.0,True,9045,7,4,0,2
prague,2026-07-17,2026-07-19,Grandium Hotel Prague,6533,8.6,10.0,0.8,True,13914,7,4,0,2
prague,2026-07-17,2026-07-19,Clarion Congress Hotel Prague,7298,9.2,8.0,6.3,True,7695,7,4,0,2
prague,2026-07-17,2026-07-19,a&o Prague Rhea,3906,7.7,6.0,5.7,False,24638,7,4,0,2
prague,2026-07-17,2026-07-19,Congress & Wellness Hotel Olsanka,3686,7.8,8.0,2.7,False,9698,7,4,0,2
prague,2026-07-17,2026-07-19,Martin Hotel Prague,7892,8.4,8.0,1.7,True,4591,7,4,0,2
prague,2026-07-17,2026-07-19,Motel One Prague-Florentinum,7100,8.7,6.0,1.0,False,4930,7,4,0,2
prague,2026-07-17,2026-07-19,Diplomat Hotel Prague,9666,8.9,8.0,2.6,True,6190,7,4,0,2
prague,2026-07-17,2026-07-19,Krakovka Residence,13198,8.9,8.0,1.2,False,940,7,4,0,2
prague,2026-07-17,2026-07-19,City Central De Luxe,7450,7.6,6.0,1.6,True,6875,7,4,0,2
prague,2026-07-17,2026-07-19,Adria Hotel Prague,5368,8.1,8.0,0.6,True,1289,7,4,0,2
prague,2026-07-17,2026-07-19,Narodni Stay,5484,8.3,6.0,0.6,False,6021,7,4,0,2
prague,2026-07-17,2026-07-19,Hotel Essence,10868,9.2,8.0,0.6,False,3090,7,4,0,2
prague,2026-07-17,2026-07-19,Mostecká 12 Residence,6300,9.1,6.0,1.1,False,1022,7,4,0,2
prague,2026-07-17,2026-07-19,Admiral Botel,5454,8.6,6.0,2.0,True,3374,7,4,0,2
prague,2026-07-17,2026-07-19,A1 Royal Plaza,5998,9.0,6.0,1.3,False,3986,7,4,0,2
prague,2026-07-17,2026-07-19,Art Nouveau Palace Hotel,8005,9.0,10.0,0.6,False,5935,7,4,0,2
prague,2026-07-29,2026-07-30,Domus Balthasar Boutique Hotel,2945,9.2,8.0,1.1,False,696,7,2,0,1
prague,2026-07-29,2026-07-30,"STAGES HOTEL Prague, a Tribute Portfolio Hotel",2775,9.4,8.0,5.6,True,17702,7,2,0,1
prague,2026-07-29,2026-07-30,Hotel Praga 1885 by Wagnerstays,1935,7.8,8.0,2.4,False,2293,7,2,0,1
prague,2026-07-29,2026-07-30,Majestic Plaza Hotel Prague,2600,8.6,8.0,1.0,True,6865,7,2,0,1
prague,2026-07-29,2026-07-30,The Cloud One Prague,2350,8.7,8.0,1.0,False,5785,7,2,0,1
prague,2026-07-29,2026-07-30,Hotel Bologna,3355,8.6,8.0,0.6,True,10827,7,2,0,1
prague,2026-07-29,2026-07-30,Perla Hotel,2736,8.7,8.0,0.4,False,5329,7,2,0,1
prague,2026-07-29,2026-07-30,Hotel Ariston Prague,2189,8.2,8.0,2.0,False,9045,7,2,0,1
prague,2026-07-29,2026-07-30,Grandium Hotel Prague,2853,8.6,10.0,0.8,True,13914,7,2,0,1
prague,2026-07-29,2026-07-30,Clarion Congress Hotel Prague,2670,9.2,8.0,6.3,True,7695,7,2,0,1
prague,2026-07-29,2026-07-30,a&o Prague Rhea,1230,7.7,6.0,5.7,False,24638,7,2,0,1
prague,2026-07-29,2026-07-30,Congress & Wellness Hotel Olsanka,1617,7.8,8.0,2.7,False,9698,7,2,0,1
prague,2026-07-29,2026-07-30,Martin Hotel Prague,2460,8.4,8.0,1.7,True,4591,7,2,0,1
prague,2026-07-29,2026-07-30,Old Prague Hotel,2924,8.9,6.0,0.4,True,5753,7,2,0,1
prague,2026-07-29,2026-07-30,Motel One Prague-Florentinum,2950,8.7,6.0,1.0,False,4930,7,2,0,1
prague,2026-07-29,2026-07-30,Diplomat Hotel Prague,3012,8.9,8.0,2.6,True,6190,7,2,0,1
prague,2026-07-29,2026-07-30,Krakovka Residence,2649,8.9,8.0,1.2,False,940,7,2,0,1
prague,2026-07-29,2026-07-30,City Central De Luxe,3895,7.6,6.0,1.6,True,6875,7,2,0,1
prague,2026-07-29,2026-07-30,Adria Hotel Prague,2639,8.1,8.0,0.6,True,1289,7,2,0,1
prague,2026-07-29,2026-07-30,Narodni Stay,2397,8.3,6.0,0.6,False,6021,7,2,0,1
prague,2026-07-29,2026-07-30,Hotel Essence,4055,9.2,8.0,0.6,False,3090,7,2,0,1
prague,2026-07-29,2026-07-30,A1 Royal Plaza,2399,9.0,6.0,1.3,False,3986,7,2,0,1
prague,2026-07-29,2026-08-02,"STAGES HOTEL Prague, a Tribute Portfolio Hotel",12149,9.4,8.0,5.6,True,17702,7,2,0,4
prague,2026-07-29,2026-08-02,Hotel Praga 1885 by Wagnerstays,10442,7.8,8.0,2.4,False,2293,7,2,0,4
prague,2026-07-29,2026-08-02,Majestic Plaza Hotel Prague,17012,8.6,8.0,1.0,True,6865,7,2,0,4
prague,2026-07-29,2026-08-02,The Cloud One Prague,10057,8.7,8.0,1.0,False,5785,7,2,0,4
prague,2026-07-29,2026-08-02,Hotel Bologna,13271,8.6,8.0,0.6,True,10827,7,2,0,4
prague,2026-07-29,2026-08-02,Hotel Ariston Prague,9125,8.2,8.0,2.0,True,9045,7,2,0,4
prague,2026-07-29,2026-08-02,Grandium Hotel Prague,13476,8.6,10.0,0.8,True,13914,7,2,0,4
prague,2026-07-29,2026-08-02,Clarion Congress Hotel Prague,11002,9.2,8.0,6.3,True,7695,7,2,0,4
prague,2026-07-29,2026-08-02,a&o Prague Rhea,6656,7.7,6.0,5.7,False,24638,7,2,0,4
prague,2026-07-29,2026-08-02,Perla Hotel,12370,8.7,8.0,0.4,False,5329,7,2,0,4
prague,2026-07-29,2026-08-02,Congress & Wellness Hotel Olsanka,6919,7.8,8.0,2.7,False,9698,7,2,0,4
prague,2026-07-29,2026-08-02,Martin Hotel Prague,12812,8.4,8.0,1.7,True,4591,7,2,0,4
prague,2026-07-29,2026-08-02,Motel One Prague-Florentinum,13200,8.7,6.0,1.0,False,4930,7,2,0,4
prague,2026-07-29,2026-08-02,Diplomat Hotel Prague,15344,8.9,8.0,2.6,True,6190,7,2,0,4
prague,2026-07-29,2026-08-02,Krakovka Residence,15486,8.9,8.0,1.2,False,940,7,2,0,4
prague,2026-07-29,2026-08-02,City Central De Luxe,14900,7.6,6.0,1.6,True,6875,7,2,0,4
prague,2026-07-29,2026-08-02,Adria Hotel Prague,11719,8.1,8.0,0.6,True,1289,7,2,0,4
prague,2026-07-29,2026-08-02,Narodni Stay,10498,8.3,6.0,0.6,False,6021,7,2,0,4
prague,2026-07-29,2026-08-02,Hotel Essence,15233,9.2,8.0,0.6,False,3090,7,2,0,4
prague,2026-07-29,2026-08-02,Mostecká 12 Residence,12096,9.1,6.0,1.1,False,1022,7,2,0,4
prague,2026-07-29,2026-08-02,A1 Royal Plaza,10796,9.0,6.0,1.3,False,3986,7,2,0,4
prague,2026-08-10,2026-08-14,"STAGES HOTEL Prague, a Tribute Portfolio Hotel",8181,9.4,8.0,5.6,True,17702,8,0,0,4
prague,2026-08-10,2026-08-14,a&o Prague Rhea,5078,7.7,6.0,5.7,False,24638,8,0,0,4
prague,2026-08-10,2026-08-14,Hotel Praga 1885 by Wagnerstays,8795,7.8,8.0,2.4,False,2293,8,0,0,4
prague,2026-08-10,2026-08-14,Majestic Plaza Hotel Prague,10401,8.6,8.0,1.0,True,6865,8,0,0,4
prague,2026-08-10,2026-08-14,The Cloud One Prague,11496,8.7,8.0,1.0,False,5785,8,0,0,4
prague,2026-08-10,2026-08-14,Hotel Bologna,11779,8.6,8.0,0.6,True,10827,8,0,0,4
prague,2026-08-10,2026-08-14,Perla Hotel,14233,8.7,8.0,0.4,False,5329,8,0,0,4
prague,2026-08-10,2026-08-14,Hotel Ariston Prague,9125,8.2,8.0,2.0,True,9045,8,0,0,4
prague,2026-08-10,2026-08-14,Grandium Hotel Prague,12363,8.6,10.0,0.8,True,13914,8,0,0,4
prague,2026-08-10,2026-08-14,Grand Hotel Prague Towers - Czech Leading Hotels,11278,9.0,10.0,2.8,False,20139,8,0,0,4
prague,2026-08-10,2026-08-14,Clarion Congress Hotel Prague,9230,9.2,8.0,6.3,True,7695,8,0,0,4
prague,2026-08-10,2026-08-14,Congress & Wellness Hotel Olsanka,6466,7.8,8.0,2.7,False,9698,8,0,0,4
prague,2026-08-10,2026-08-14,Martin Hotel Prague,11935,8.4,8.0,1.7,True,4591,8,0,0,4
prague,2026-08-10,2026-08-14,Louren - The Bridge Inn,8365,8.3,8.0,1.2,False,1253,8,0,0,4
prague,2026-08-10,2026-08-14,Diplomat Hotel Prague,14539,8.9,8.0,2.6,True,6190,8,0,0,4
prague,2026-08-10,2026-08-14,Ibis Praha Old Town,9128,8.1,6.0,0.7,False,4955,8,0,0,4
prague,2026-08-10,2026-08-14,Krakovka Residence,12549,8.9,8.0,1.2,False,940,8,0,0,4
prague,2026-08-10,2026-08-14,City Central De Luxe,14900,7.6,6.0,1.6,True,6875,8,0,0,4
prague,2026-08-10,2026-08-14,Adria Hotel Prague,10849,8.1,8.0,0.6,True,1289,8,0,0,4
prague,2026-08-10,2026-08-14,Narodni Stay,9793,8.3,6.0,0.6,False,6021,8,0,0,4
prague,2026-08-10,2026-08-14,Hotel Essence,11890,9.2,8.0,0.6,False,3090,8,0,0,4
prague,2026-08-10,2026-08-12,Domus Balthasar Boutique Hotel,5754,9.2,8.0,1.1,False,696,8,0,0,2
prague,2026-08-10,2026-08-12,"STAGES HOTEL Prague, a Tribute Portfolio Hotel",4109,9.4,8.0,5.6,True,17702,8,0,0,2
prague,2026-08-10,2026-08-12,a&o Prague Rhea,2476,7.7,6.0,5.7,False,24638,8,0,0,2
prague,2026-08-10,2026-08-12,Hotel Praga 1885 by Wagnerstays,4030,7.8,8.0,2.4,False,2293,8,0,0,2
prague,2026-08-10,2026-08-12,Majestic Plaza Hotel Prague,5201,8.6,8.0,1.0,True,6865,8,0,0,2
prague,2026-08-10,2026-08-12,The Cloud One Prague,5679,8.7,8.0,1.0,False,5785,8,0,0,2
prague,2026-08-10,2026-08-12,Hotel Bologna,5585,8.6,8.0,0.6,True,10827,8,0,0,2
prague,2026-08-10,2026-08-12,Perla Hotel,6788,8.7,8.0,0.4,False,5329,8,0,0,2
prague,2026-08-10,2026-08-12,Hotel Ariston Prague,4211,8.2,8.0,2.0,True,9045,8,0,0,2
prague,2026-08-10,2026-08-12,Grandium Hotel Prague,6266,8.6,10.0,0.8,True,13914,8,0,0,2
prague,2026-08-10,2026-08-12,Grand Hotel Prague Towers - Czech Leading Hotels,5556,9.0,10.0,2.8,False,20139,8,0,0,2
prague,2026-08-10,2026-08-12,Clarion Congress Hotel Prague,5022,9.2,8.0,6.3,True,7695,8,0,0,2
prague,2026-08-10,2026-08-12,Congress & Wellness Hotel Olsanka,3233,7.8,8.0,2.7,False,9698,8,0,0,2
prague,2026-08-10,2026-08-12,Martin Hotel Prague,5968,8.4,8.0,1.7,True,4591,8,0,0,2
prague,2026-08-10,2026-08-12,Louren - The Bridge Inn,3983,8.3,8.0,1.2,False,1253,8,0,0,2
prague,2026-08-10,2026-08-12,Diplomat Hotel Prague,6630,8.9,8.0,2.6,True,6190,8,0,0,2
prague,2026-08-10,2026-08-12,Art Nouveau Palace Hotel,6661,9.0,10.0,0.6,False,5935,8,0,0,2
prague,2026-08-10,2026-08-12,Ibis Praha Old Town,4924,8.1,6.0,0.7,False,4955,8,0,0,2
prague,2026-08-10,2026-08-12,Krakovka Residence,6275,8.9,8.0,1.2,False,940,8,0,0,2
prague,2026-08-10,2026-08-12,City Central De Luxe,7450,7.6,6.0,1.6,True,6875,8,0,0,2
prague,2026-08-10,2026-08-12,Adria Hotel Prague,5262,8.1,8.0,0.6,True,1289,8,0,0,2
prague,2026-08-22,2026-08-27,a&o Prague Rhea,8138,7.7,6.0,5.7,False,24638,8,5,1,5
prague,2026-08-22,2026-08-27,Hotel Praga 1885 by Wagnerstays,9578,7.8,8.0,2.4,False,2293,8,5,1,5
prague,2026-08-22,2026-08-27,Majestic Plaza Hotel Prague,13962,8.6,8.0,1.0,True,6865,8,5,1,5
prague,2026-08-22,2026-08-27,The Cloud One Prague,14846,8.7,8.0,1.0,False,5785,8,5,1,5
prague,2026-08-22,2026-08-27,Hotel Bologna,14139,8.6,8.0,0.6,True,10827,8,5,1,5
prague,2026-08-22,2026-08-27,Perla Hotel,17517,8.7,8.0,0.4,False,5329,8,5,1,5
prague,2026-08-22,2026-08-27,Hotel Ariston Prague,11406,8.2,8.0,2.0,True,9045,8,5,1,5
prague,2026-08-22,2026-08-27,Grandium Hotel Prague,16217,8.6,10.0,0.8,True,13914,8,5,1,5
prague,2026-08-22,2026-08-27,Grand Hotel Prague Towers - Czech Leading Hotels,13750,9.0,10.0,2.8,False,20139,8,5,1,5
prague,2026-08-22,2026-08-27,Clarion Congress Hotel Prague,15037,9.2,8.0,6.3,True,7695,8,5,1,5
prague,2026-08-22,2026-08-27,Martin Hotel Prague,14919,8.4,8.0,1.7,True,4591,8,5,1,5
prague,2026-08-22,2026-08-27,Louren - The Bridge Inn,10457,8.3,8.0,1.2,False,1253,8,5,1,5
prague,2026-08-22,2026-08-27,Diplomat Hotel Prague,12106,8.9,8.0,2.6,True,6190,8,5,1,5
prague,2026-08-22,2026-08-27,Ibis Praha Old Town,11410,8.1,6.0,0.7,False,4955,8,5,1,5
prague,2026-08-22,2026-08-27,Krakovka Residence,17981,8.9,8.0,1.2,False,940,8,5,1,5
prague,2026-08-22,2026-08-27,Art Nouveau Palace Hotel,18834,9.0,10.0,0.6,False,5935,8,5,1,5
prague,2026-08-22,2026-08-27,City Central De Luxe,18625,7.6,6.0,1.6,True,6875,8,5,1,5
prague,2026-08-22,2026-08-27,Adria Hotel Prague,13731,8.1,8.0,0.6,True,1289,8,5,1,5
prague,2026-08-22,2026-08-27,Narodni Stay,12594,8.3,6.0,0.6,False,6021,8,5,1,5
prague,2026-08-22,2026-08-27,Hotel Essence,16081,9.2,8.0,0.6,False,3090,8,5,1,5
prague,2026-08-22,2026-08-27,Mostecká 12 Residence,14237,9.1,6.0,1.1,False,1022,8,5,1,5
prague,2026-08-22,2026-08-25,a&o Prague Rhea,4709,7.7,6.0,5.7,False,24638,8,5,1,3
prague,2026-08-22,2026-08-25,Hotel Praga 1885 by Wagnerstays,6144,7.8,8.0,2.4,False,2293,8,5,1,3
prague,2026-08-22,2026-08-25,Majestic Plaza Hotel Prague,8666,8.6,8.0,1.0,True,6865,8,5,1,3
prague,2026-08-22,2026-08-25,The Cloud One Prague,9168,8.7,8.0,1.0,False,5785,8,5,1,3
prague,2026-08-22,2026-08-25,Hotel Bologna,8150,8.6,8.0,0.6,True,10827,8,5,1,3
prague,2026-08-22,2026-08-25,Hotel Ariston Prague,6844,8.2,8.0,2.0,True,9045,8,5,1,3
prague,2026-08-22,2026-08-25,Grandium Hotel Prague,10395,8.6,10.0,0.8,True,13914,8,5,1,3
prague,2026-08-22,2026-08-25,Perla Hotel,10729,8.7,8.0,0.4,False,5329,8,5,1,3
prague,2026-08-22,2026-08-25,Grand Hotel Prague Towers - Czech Leading Hotels,8194,9.0,10.0,2.8,False,20139,8,5,1,3
prague,2026-08-22,2026-08-25,Clarion Congress Hotel Prague,12232,9.2,8.0,6.3,True,7695,8,5,1,3
prague,2026-08-22,2026-08-25,Congress & Wellness Hotel Olsanka,5597,7.8,8.0,2.7,False,9698,8,5,1,3
prague,2026-08-22,2026-08-25,Martin Hotel Prague,8952,8.4,8.0,1.7,True,4591,8,5,1,3
prague,2026-08-22,2026-08-25,Louren - The Bridge Inn,6374,8.3,8.0,1.2,False,1253,8,5,1,3
prague,2026-08-22,2026-08-25,Diplomat Hotel Prague,7654,8.9,8.0,2.6,True,6190,8,5,1,3
prague,2026-08-22,2026-08-25,Art Nouveau Palace Hotel,10615,9.0,10.0,0.6,False,5935,8,5,1,3
prague,2026-08-22,2026-08-25,Ibis Praha Old Town,6912,8.1,6.0,0.7,False,4955,8,5,1,3
prague,2026-08-22,2026-08-25,Krakovka Residence,10022,8.9,8.0,1.2,False,940,8,5,1,3
prague,2026-08-22,2026-08-25,City Central De Luxe,11175,7.6,6.0,1.6,True,6875,8,5,1,3
prague,2026-08-22,2026-08-25,Adria Hotel Prague,10539,8.1,8.0,0.6,True,1289,8,5,1,3
prague,2026-08-22,2026-08-25,Narodni Stay,9149,8.3,6.0,0.6,False,6021,8,5,1,3
prague,2026-08-22,2026-08-25,Hotel Essence,11663,9.2,8.0,0.6,False,3090,8,5,1,3
prague,2026-09-03,2026-09-06,a&o Prague Rhea,5076,7.7,6.0,5.7,False,24638,9,3,0,3
prague,2026-09-03,2026-09-06,Hotel Praga 1885 by Wagnerstays,8392,7.8,8.0,2.4,False,2293,9,3,0,3
prague,2026-09-03,2026-09-06,Majestic Plaza Hotel Prague,17985,8.6,8.0,1.0,True,6865,9,3,0,3
prague,2026-09-03,2026-09-06,The Cloud One Prague,13718,8.7,8.0,1.0,False,5785,9,3,0,3
prague,2026-09-03,2026-09-06,Hotel Bologna,10714,8.6,8.0,0.6,True,10827,9,3,0,3
prague,2026-09-03,2026-09-06,Hotel Ariston Prague,6844,8.2,8.0,2.0,True,9045,9,3,0,3
prague,2026-09-03,2026-09-06,Grandium Hotel Prague,19484,8.6,10.0,0.8,True,13914,9,3,0,3
prague,2026-09-03,2026-09-06,Grand Hotel Prague Towers - Czech Leading Hotels,11702,9.0,10.0,2.8,False,20139,9,3,0,3
prague,2026-09-03,2026-09-06,Martin Hotel Prague,15446,8.4,8.0,1.7,True,4591,9,3,0,3
prague,2026-09-03,2026-09-06,Old Prague Hotel,11182,8.9,6.0,0.4,True,5753,9,3,0,3
prague,2026-09-03,2026-09-06,Louren - The Bridge Inn,8980,8.3,8.0,1.2,False,1253,9,3,0,3
prague,2026-09-03,2026-09-06,Motel One Prague-Florentinum,11050,8.7,6.0,1.0,False,4930,9,3,0,3
prague,2026-09-03,2026-09-06,Diplomat Hotel Prague,16167,8.9,8.0,2.6,True,6190,9,3,0,3
prague,2026-09-03,2026-09-06,Ibis Praha Old Town,10420,8.1,6.0,0.7,False,4955,9,3,0,3
prague,2026-09-03,2026-09-06,Perla Hotel,13687,8.7,8.0,0.4,False,5329,9,3,0,3
prague,2026-09-03,2026-09-06,Krakovka Residence,12173,8.9,8.0,1.2,False,940,9,3,0,3
prague,2026-09-03,2026-09-06,City Central De Luxe,11175,7.6,6.0,1.6,True,6875,9,3,0,3
prague,2026-09-03,2026-09-06,Hotel Essence,17474,9.2,8.0,0.6,False,3090,9,3,0,3
prague,2026-09-03,2026-09-06,Mostecká 12 Residence,9072,9.1,6.0,1.1,False,1022,9,3,0,3
prague,2026-09-03,2026-09-06,A1 Royal Plaza,8397,9.0,6.0,1.3,False,3986,9,3,0,3
prague,2026-09-03,2026-09-06,Mama Shelter Prague,13996,8.9,8.0,1.9,False,4641,9,3,0,3
prague,2026-09-03,2026-09-07,a&o Prague Rhea,6201,7.7,6.0,5.7,False,24638,9,3,0,4
prague,2026-09-03,2026-09-07,Hotel Praga 1885 by Wagnerstays,10744,7.8,8.0,2.4,False,2293,9,3,0,4
prague,2026-09-03,2026-09-07,Majestic Plaza Hotel Prague,22988,8.6,8.0,1.0,True,6865,9,3,0,4
prague,2026-09-03,2026-09-07,The Cloud One Prague,18229,8.7,8.0,1.0,False,5785,9,3,0,4
prague,2026-09-03,2026-09-07,Hotel Bologna,13684,8.6,8.0,0.6,True,10827,9,3,0,4
prague,2026-09-03,2026-09-07,Hotel Ariston Prague,9125,8.2,8.0,2.0,True,9045,9,3,0,4
prague,2026-09-03,2026-09-07,Grandium Hotel Prague,26320,8.6,10.0,0.8,True,13914,9,3,0,4
prague,2026-09-03,2026-09-07,Grand Hotel Prague Towers - Czech Leading Hotels,14174,9.0,10.0,2.8,False,20139,9,3,0,4
prague,2026-09-03,2026-09-07,Perla Hotel,17081,8.7,8.0,0.4,False,5329,9,3,0,4
prague,2026-09-03,2026-09-07,Martin Hotel Prague,15961,8.4,8.0,1.7,True,4591,9,3,0,4
prague,2026-09-03,2026-09-07,Old Prague Hotel,14763,8.9,6.0,0.4,True,5753,9,3,0,4
prague,2026-09-03,2026-09-07,Louren - The Bridge Inn,11291,8.3,8.0,1.2,False,1253,9,3,0,4
prague,2026-09-03,2026-09-07,Motel One Prague-Florentinum,13900,8.7,6.0,1.0,False,4930,9,3,0,4
prague,2026-09-03,2026-09-07,Diplomat Hotel Prague,17875,8.9,8.0,2.6,True,6190,9,3,0,4
prague,2026-09-03,2026-09-07,Ibis Praha Old Town,12912,8.1,6.0,0.7,False,4955,9,3,0,4
prague,2026-09-03,2026-09-07,Krakovka Residence,14797,8.9,8.0,1.2,False,940,9,3,0,4
prague,2026-09-03,2026-09-07,City Central De Luxe,14900,7.6,6.0,1.6,True,6875,9,3,0,4
prague,2026-09-03,2026-09-07,Hotel Essence,25321,9.2,8.0,0.6,False,3090,9,3,0,4
prague,2026-09-03,2026-09-07,Mostecká 12 Residence,11843,9.1,6.0,1.1,False,1022,9,3,0,4
prague,2026-09-03,2026-09-07,A1 Royal Plaza,10796,9.0,6.0,1.3,False,3986,9,3,0,4
prague,2026-09-03,2026-09-07,Mama Shelter Prague,16527,8.9,8.0,1.9,False,4641,9,3,0,4
prague,2026-09-15,2026-09-19,"STAGES HOTEL Prague, a Tribute Portfolio Hotel",12907,9.4,8.0,5.6,True,17702,9,1,0,4
prague,2026-09-15,2026-09-19,a&o Prague Rhea,6334,7.7,6.0,5.7,False,24638,9,1,0,4
prague,2026-09-15,2026-09-19,Hotel Praga 1885 by Wagnerstays,10554,7.8,8.0,2.4,False,2293,9,1,0,4
prague,2026-09-15,2026-09-19,Majestic Plaza Hotel Prague,15109,8.6,8.0,1.0,True,6865,9,1,0,4
prague,2026-09-15,2026-09-19,The Cloud One Prague,12286,8.7,8.0,1.0,False,5785,9,1,0,4
prague,2026-09-15,2026-09-19,Hotel Bologna,18841,8.6,8.0,0.6,True,10827,9,1,0,4
prague,2026-09-15,2026-09-19,Hotel Ariston Prague,9125,8.2,8.0,2.0,True,9045,9,1,0,4
prague,2026-09-15,2026-09-19,Perla Hotel,16205,8.7,8.0,0.4,False,5329,9,1,0,4
prague,2026-09-15,2026-09-19,Grandium Hotel Prague,17223,8.6,10.0,0.8,True,13914,9,1,0,4
prague,2026-09-15,2026-09-19,Grand Hotel Prague Towers - Czech Leading Hotels,16247,9.0,10.0,2.8,False,20139,9,1,0,4
prague,2026-09-15,2026-09-19,Martin Hotel Prague,13344,8.4,8.0,1.7,True,4591,9,1,0,4
prague,2026-09-15,2026-09-19,Old Prague Hotel,13668,8.9,6.0,0.4,True,5753,9,1,0,4
prague,2026-09-15,2026-09-19,Louren - The Bridge Inn,10731,8.3,8.0,1.2,False,1253,9,1,0,4
prague,2026-09-15,2026-09-19,Diplomat Hotel Prague,22805,8.9,8.0,2.6,True,6190,9,1,0,4
prague,2026-09-15,2026-09-19,Ibis Praha Old Town,12958,8.1,6.0,0.7,False,4955,9,1,0,4
prague,2026-09-15,2026-09-19,Krakovka Residence,13506,8.9,8.0,1.2,False,940,9,1,0,4
prague,2026-09-15,2026-09-19,City Central De Luxe,14900,7.6,6.0,1.6,True,6875,9,1,0,4
prague,2026-09-15,2026-09-19,Hotel Essence,21168,9.2,8.0,0.6,False,3090,9,1,0,4
prague,2026-09-15,2026-09-19,Mostecká 12 Residence,15119,9.1,6.0,1.1,False,1022,9,1,0,4
prague,2026-09-15,2026-09-19,A1 Royal Plaza,11496,9.0,6.0,1.3,False,3986,9,1,0,4
prague,2026-09-15,2026-09-19,Mama Shelter Prague,25072,8.9,8.0,1.9,False,4641,9,1,0,4
prague,2026-09-15,2026-09-17,"STAGES HOTEL Prague, a Tribute Portfolio Hotel",6104,9.4,8.0,5.6,True,17702,9,1,0,2
prague,2026-09-15,2026-09-17,a&o Prague Rhea,2969,7.7,6.0,5.7,False,24638,9,1,0,2
prague,2026-09-15,2026-09-17,Hotel Praga 1885 by Wagnerstays,4168,7.8,8.0,2.4,False,2293,9,1,0,2
prague,2026-09-15,2026-09-17,Majestic Plaza Hotel Prague,6738,8.6,8.0,1.0,True,6865,9,1,0,2
prague,2026-09-15,2026-09-17,The Cloud One Prague,5493,8.7,8.0,1.0,False,5785,9,1,0,2
prague,2026-09-15,2026-09-17,Hotel Bologna,10142,8.6,8.0,0.6,True,10827,9,1,0,2
prague,2026-09-15,2026-09-17,Perla Hotel,7226,8.7,8.0,0.4,False,5329,9,1,0,2
prague,2026-09-15,2026-09-17,Hotel Ariston Prague,4562,8.2,8.0,2.0,True,9045,9,1,0,2
prague,2026-09-15,2026-09-17,Grandium Hotel Prague,7891,8.6,10.0,0.8,True,13914,9,1,0,2
prague,2026-09-15,2026-09-17,Grand Hotel Prague Towers - Czech Leading Hotels,8241,9.0,10.0,2.8,False,20139,9,1,0,2
prague,2026-09-15,2026-09-17,Congress & Wellness Hotel Olsanka,5044,7.8,8.0,2.7,False,9698,9,1,0,2
prague,2026-09-15,2026-09-17,Martin Hotel Prague,5968,8.4,8.0,1.7,True,4591,9,1,0,2
prague,2026-09-15,2026-09-17,Old Prague Hotel,6724,8.9,6.0,0.4,True,5753,9,1,0,2
prague,2026-09-15,2026-09-17,Louren - The Bridge Inn,4804,8.3,8.0,1.2,False,1253,9,1,0,2
prague,2026-09-15,2026-09-17,Motel One Prague-Florentinum,7400,8.7,6.0,1.0,False,4930,9,1,0,2
prague,2026-09-15,2026-09-17,Diplomat Hotel Prague,7827,8.9,8.0,2.6,True,6190,9,1,0,2
prague,2026-09-15,2026-09-17,Ibis Praha Old Town,6134,8.1,6.0,0.7,False,4955,9,1,0,2
prague,2026-09-15,2026-09-17,Krakovka Residence,5713,8.9,8.0,1.2,False,940,9,1,0,2
prague,2026-09-15,2026-09-17,City Central De Luxe,7450,7.6,6.0,1.6,True,6875,9,1,0,2
prague,2026-09-15,2026-09-17,Hotel Essence,9697,9.2,8.0,0.6,False,3090,9,1,0,2
prague,2026-09-15,2026-09-17,Mostecká 12 Residence,7559,9.1,6.0,1.1,False,1022,9,1,0,2
prague,2026-09-27,2026-09-30,"STAGES HOTEL Prague, a Tribute Portfolio Hotel",7527,9.4,8.0,5.6,True,17702,9,6,1,3
prague,2026-09-27,2026-09-30,a&o Prague Rhea,3617,7.7,6.0,5.7,False,24638,9,6,1,3
prague,2026-09-27,2026-09-30,Hotel Praga 1885 by Wagnerstays,5248,7.8,8.0,2.4,False,2293,9,6,1,3
prague,2026-09-27,2026-09-30,Majestic Plaza Hotel Prague,9723,8.6,8.0,1.0,True,6865,9,6,1,3
prague,2026-09-27,2026-09-30,The Cloud One Prague,8425,8.7,8.0,1.0,False,5785,9,6,1,3
prague,2026-09-27,2026-09-30,Hotel Bologna,8916,8.6,8.0,0.6,True,10827,9,6,1,3
prague,2026-09-27,2026-09-30,Perla Hotel,10620,8.7,8.0,0.4,False,5329,9,6,1,3
prague,2026-09-27,2026-09-30,Hotel Ariston Prague,6221,8.2,8.0,2.0,True,9045,9,6,1,3
prague,2026-09-27,2026-09-30,Grandium Hotel Prague,11335,8.6,10.0,0.8,True,13914,9,6,1,3
prague,2026-09-27,2026-09-30,Grand Hotel Prague Towers - Czech Leading Hotels,6616,9.0,10.0,2.8,False,20139,9,6,1,3
prague,2026-09-27,2026-09-30,Clarion Congress Hotel Prague,7203,9.2,8.0,6.3,True,7695,9,6,1,3
prague,2026-09-27,2026-09-30,Congress & Wellness Hotel Olsanka,7567,7.8,8.0,2.7,False,9698,9,6,1,3
prague,2026-09-27,2026-09-30,Martin Hotel Prague,10910,8.4,8.0,1.7,True,4591,9,6,1,3
prague,2026-09-27,2026-09-30,Old Prague Hotel,10087,8.9,6.0,0.4,True,5753,9,6,1,3
prague,2026-09-27,2026-09-30,Louren - The Bridge Inn,7324,8.3,8.0,1.2,False,1253,9,6,1,3
prague,2026-09-27,2026-09-30,Motel One Prague-Florentinum,10050,8.7,6.0,1.0,False,4930,9,6,1,3
prague,2026-09-27,2026-09-30,Ibis Praha Old Town,8888,8.1,6.0,0.7,False,4955,9,6,1,3
prague,2026-09-27,2026-09-30,Krakovka Residence,9273,8.9,8.0,1.2,False,940,9,6,1,3
prague,2026-09-27,2026-09-30,City Central De Luxe,11175,7.6,6.0,1.6,True,6875,9,6,1,3
prague,2026-09-27,2026-09-30,Adria Hotel Prague,9557,8.1,8.0,0.6,True,1289,9,6,1,3
prague,2026-09-27,2026-09-30,Hotel Essence,12059,9.2,8.0,0.6,False,3090,9,6,1,3
prague,2026-09-27,2026-09-29,"STAGES HOTEL Prague, a Tribute Portfolio Hotel",5106,9.4,8.0,5.6,True,17702,9,6,1,2
prague,2026-09-27,2026-09-29,a&o Prague Rhea,2365,7.7,6.0,5.7,False,24638,9,6,1,2
prague,2026-09-27,2026-09-29,Hotel Praga 1885 by Wagnerstays,3431,7.8,8.0,2.4,False,2293,9,6,1,2
prague,2026-09-27,2026-09-29,Majestic Plaza Hotel Prague,6354,8.6,8.0,1.0,True,6865,9,6,1,2
prague,2026-09-27,2026-09-29,The Cloud One Prague,5586,8.7,8.0,1.0,False,5785,9,6,1,2
prague,2026-09-27,2026-09-29,Hotel Bologna,8675,8.6,8.0,0.6,True,10827,9,6,1,2
prague,2026-09-27,2026-09-29,Perla Hotel,7007,8.7,8.0,0.4,False,5329,9,6,1,2
prague,2026-09-27,2026-09-29,Hotel Ariston Prague,4562,8.2,8.0,2.0,True,9045,9,6,1,2
prague,2026-09-27,2026-09-29,Grandium Hotel Prague,7891,8.6,10.0,0.8,True,13914,9,6,1,2
prague,2026-09-27,2026-09-29,Grand Hotel Prague Towers - Czech Leading Hotels,4144,9.0,10.0,2.8,False,20139,9,6,1,2
prague,2026-09-27,2026-09-29,Clarion Congress Hotel Prague,5847,9.2,8.0,6.3,True,7695,9,6,1,2
prague,2026-09-27,2026-09-29,Congress & Wellness Hotel Olsanka,5044,7.8,8.0,2.7,False,9698,9,6,1,2
prague,2026-09-27,2026-09-29,Martin Hotel Prague,8974,8.4,8.0,1.7,True,4591,9,6,1,2
prague,2026-09-27,2026-09-29,Old Prague Hotel,6724,8.9,6.0,0.4,True,5753,9,6,1,2
prague,2026-09-27,2026-09-29,Louren - The Bridge Inn,5013,8.3,8.0,1.2,False,1253,9,6,1,2
prague,2026-09-27,2026-09-29,Motel One Prague-Florentinum,6700,8.7,6.0,1.0,False,4930,9,6,1,2
prague,2026-09-27,2026-09-29,Ibis Praha Old Town,5844,8.1,6.0,0.7,False,4955,9,6,1,2
prague,2026-09-27,2026-09-29,Krakovka Residence,5995,8.9,8.0,1.2,False,940,9,6,1,2
prague,2026-09-27,2026-09-29,City Central De Luxe,7450,7.6,6.0,1.6,True,6875,9,6,1,2
prague,2026-09-27,2026-09-29,Adria Hotel Prague,7611,8.1,8.0,0.6,True,1289,9,6,1,2
prague,2026-09-27,2026-09-29,Hotel Essence,9697,9.2,8.0,0.6,False,3090,9,6,1,2
prague,2026-10-09,2026-10-14,a&o Prague Rhea,9456,7.7,6.0,5.7,False,24638,10,4,0,5
prague,2026-10-09,2026-10-14,Hotel Praga 1885 by Wagnerstays,13582,7.8,8.0,2.4,False,2293,10,4,0,5
prague,2026-10-09,2026-10-14,Majestic Plaza Hotel Prague,18766,8.6,8.0,1.0,True,6865,10,4,0,5
prague,2026-10-09,2026-10-14,The Cloud One Prague,17261,8.7,8.0,1.0,False,5785,10,4,0,5
prague,2026-10-09,2026-10-14,Hotel Bologna,19759,8.6,8.0,0.6,True,10827,10,4,0,5
prague,2026-10-09,2026-10-14,Hotel Ariston Prague,11966,8.2,8.0,2.0,True,9045,10,4,0,5
prague,2026-10-09,2026-10-14,Grandium Hotel Prague,20357,8.6,10.0,0.8,True,13914,10,4,0,5
prague,2026-10-09,2026-10-14,Perla Hotel,20037,8.7,8.0,0.4,False,5329,10,4,0,5
prague,2026-10-09,2026-10-14,Clarion Congress Hotel Prague,14553,9.2,8.0,6.3,True,7695,10,4,0,5
prague,2026-10-09,2026-10-14,Martin Hotel Prague,18207,8.4,8.0,1.7,True,4591,10,4,0,5
prague,2026-10-09,2026-10-14,Old Prague Hotel,17249,8.9,6.0,0.4,True,5753,10,4,0,5
prague,2026-10-09,2026-10-14,Louren - The Bridge Inn,20080,8.3,8.0,1.2,False,1253,10,4,0,5
prague,2026-10-09,2026-10-14,Motel One Prague-Florentinum,18350,8.7,6.0,1.0,False,4930,10,4,0,5
prague,2026-10-09,2026-10-14,Krakovka Residence,17420,8.9,8.0,1.2,False,940,10,4,0,5
prague,2026-10-09,2026-10-14,City Central De Luxe,18625,7.6,6.0,1.6,True,6875,10,4,0,5
prague,2026-10-09,2026-10-14,Narodni Stay,12946,8.3,6.0,0.6,False,6021,10,4,0,5
prague,2026-10-09,2026-10-14,Hotel Essence,24505,9.2,8.0,0.6,False,3090,10,4,0,5
prague,2026-10-09,2026-10-14,Mostecká 12 Residence,18899,9.1,6.0,1.1,False,1022,10,4,0,5
prague,2026-10-09,2026-10-14,A1 Royal Plaza,13195,9.0,6.0,1.3,False,3986,10,4,0,5
prague,2026-10-09,2026-10-14,Grandior Hotel Prague,21072,8.9,10.0,1.1,True,11695,10,4,0,5
prague,2026-10-09,2026-10-12,"STAGES HOTEL Prague, a Tribute Portfolio Hotel",12255,9.4,8.0,5.6,True,17702,10,4,0,3
prague,2026-10-09,2026-10-12,a&o Prague Rhea,5201,7.7,6.0,5.7,False,24638,10,4,0,3
prague,2026-10-09,2026-10-12,Hotel Praga 1885 by Wagnerstays,8793,7.8,8.0,2.4,False,2293,10,4,0,3
prague,2026-10-09,2026-10-12,Majestic Plaza Hotel Prague,12028,8.6,8.0,1.0,True,6865,10,4,0,3
prague,2026-10-09,2026-10-12,The Cloud One Prague,11304,8.7,8.0,1.0,False,5785,10,4,0,3
prague,2026-10-09,2026-10-12,Hotel Bologna,12875,8.6,8.0,0.6,True,10827,10,4,0,3
prague,2026-10-09,2026-10-12,Hotel Ariston Prague,7180,8.2,8.0,2.0,True,9045,10,4,0,3
prague,2026-10-09,2026-10-12,Grandium Hotel Prague,12716,8.6,10.0,0.8,True,13914,10,4,0,3
prague,2026-10-09,2026-10-12,Clarion Congress Hotel Prague,7590,9.2,8.0,6.3,True,7695,10,4,0,3
prague,2026-10-09,2026-10-12,Congress & Wellness Hotel Olsanka,7567,7.8,8.0,2.7,False,9698,10,4,0,3
prague,2026-10-09,2026-10-12,Martin Hotel Prague,13099,8.4,8.0,1.7,True,4591,10,4,0,3
prague,2026-10-09,2026-10-12,Old Prague Hotel,10525,8.9,6.0,0.4,True,5753,10,4,0,3
prague,2026-10-09,2026-10-12,Louren - The Bridge Inn,13660,8.3,8.0,1.2,False,1253,10,4,0,3
prague,2026-10-09,2026-10-12,Motel One Prague-Florentinum,11650,8.7,6.0,1.0,False,4930,10,4,0,3
prague,2026-10-09,2026-10-12,Diplomat Hotel Prague,12486,8.9,8.0,2.6,True,6190,10,4,0,3
prague,2026-10-09,2026-10-12,Perla Hotel,12811,8.7,8.0,0.4,False,5329,10,4,0,3
prague,2026-10-09,2026-10-12,Krakovka Residence,12173,8.9,8.0,1.2,False,940,10,4,0,3
prague,2026-10-09,2026-10-12,City Central De Luxe,11175,7.6,6.0,1.6,True,6875,10,4,0,3
prague,2026-10-09,2026-10-12,Narodni Stay,7881,8.3,6.0,0.6,False,6021,10,4,0,3
prague,2026-10-09,2026-10-12,Hotel Essence,18580,9.2,8.0,0.6,False,3090,10,4,0,3
prague,2026-10-21,2026-10-26,"STAGES HOTEL Prague, a Tribute Portfolio Hotel",20490,9.4,8.0,5.6,True,17702,10,2,0,5
prague,2026-10-21,2026-10-26,a&o Prague Rhea,7941,7.7,6.0,5.7,False,24638,10,2,0,5
prague,2026-10-21,2026-10-26,Hotel Praga 1885 by Wagnerstays,14431,7.8,8.0,2.4,False,2293,10,2,0,5
prague,2026-10-21,2026-10-26,Majestic Plaza Hotel Prague,20112,8.6,8.0,1.0,True,6865,10,2,0,5
prague,2026-10-21,2026-10-26,The Cloud One Prague,15589,8.7,8.0,1.0,False,5785,10,2,0,5
prague,2026-10-21,2026-10-26,Hotel Bologna,17869,8.6,8.0,0.6,True,10827,10,2,0,5
prague,2026-10-21,2026-10-26,Hotel Ariston Prague,11966,8.2,8.0,2.0,True,9045,10,2,0,5
prague,2026-10-21,2026-10-26,Grandium Hotel Prague,20688,8.6,10.0,0.8,True,13914,10,2,0,5
prague,2026-10-21,2026-10-26,Perla Hotel,21132,8.7,8.0,0.4,False,5329,10,2,0,5
prague,2026-10-21,2026-10-26,Congress & Wellness Hotel Olsanka,12611,7.8,8.0,2.7,False,9698,10,2,0,5
prague,2026-10-21,2026-10-26,Martin Hotel Prague,20692,8.4,8.0,1.7,True,4591,10,2,0,5
prague,2026-10-21,2026-10-26,Old Prague Hotel,17249,8.9,6.0,0.4,True,5753,10,2,0,5
prague,2026-10-21,2026-10-26,Louren - The Bridge Inn,20080,8.3,8.0,1.2,False,1253,10,2,0,5
prague,2026-10-21,2026-10-26,Motel One Prague-Florentinum,20150,8.7,6.0,1.0,False,4930,10,2,0,5
prague,2026-10-21,2026-10-26,Diplomat Hotel Prague,20043,8.9,8.0,2.6,True,6190,10,2,0,5
prague,2026-10-21,2026-10-26,Krakovka Residence,17420,8.9,8.0,1.2,False,940,10,2,0,5
prague,2026-10-21,2026-10-26,Clarion Congress Hotel Prague,21557,9.2,8.0,6.3,True,7695,10,2,0,5
prague,2026-10-21,2026-10-26,Art Nouveau Palace Hotel,23969,9.0,10.0,0.6,False,5935,10,2,0,5
prague,2026-10-21,2026-10-26,City Central De Luxe,18625,7.6,6.0,1.6,True,6875,10,2,0,5
prague,2026-10-21,2026-10-26,Narodni Stay,15384,8.3,6.0,0.6,False,6021,10,2,0,5
prague,2026-10-21,2026-10-26,Hotel Essence,27739,9.2,8.0,0.6,False,3090,10,2,0,5
prague,2026-10-21,2026-10-23,"STAGES HOTEL Prague, a Tribute Portfolio Hotel",7766,9.4,8.0,5.6,True,17702,10,2,0,2
prague,2026-10-21,2026-10-23,a&o Prague Rhea,2666,7.7,6.0,5.7,False,24638,10,2,0,2
prague,2026-10-21,2026-10-23,Hotel Praga 1885 by Wagnerstays,5864,7.8,8.0,2.4,False,2293,10,2,0,2
prague,2026-10-21,2026-10-23,Majestic Plaza Hotel Prague,6930,8.6,8.0,1.0,True,6865,10,2,0,2
prague,2026-10-21,2026-10-23,The Cloud One Prague,5679,8.7,8.0,1.0,False,5785,10,2,0,2
prague,2026-10-21,2026-10-23,Hotel Bologna,8227,8.6,8.0,0.6,True,10827,10,2,0,2
prague,2026-10-21,2026-10-23,Perla Hotel,7664,8.7,8.0,0.4,False,5329,10,2,0,2
prague,2026-10-21,2026-10-23,Hotel Ariston Prague,4512,8.2,8.0,2.0,True,9045,10,2,0,2
prague,2026-10-21,2026-10-23,Grandium Hotel Prague,7891,8.6,10.0,0.8,True,13914,10,2,0,2
prague,2026-10-21,2026-10-23,Clarion Congress Hotel Prague,7731,9.2,8.0,6.3,True,7695,10,2,0,2
prague,2026-10-21,2026-10-23,Congress & Wellness Hotel Olsanka,5044,7.8,8.0,2.7,False,9698,10,2,0,2
prague,2026-10-21,2026-10-23,Martin Hotel Prague,5968,8.4,8.0,1.7,True,4591,10,2,0,2
prague,2026-10-21,2026-10-23,Old Prague Hotel,6724,8.9,6.0,0.4,True,5753,10,2,0,2
prague,2026-10-21,2026-10-23,Louren - The Bridge Inn,6421,8.3,8.0,1.2,False,1253,10,2,0,2
prague,2026-10-21,2026-10-23,Motel One Prague-Florentinum,7300,8.7,6.0,1.0,False,4930,10,2,0,2
prague,2026-10-21,2026-10-23,Diplomat Hotel Prague,8937,8.9,8.0,2.6,True,6190,10,2,0,2
prague,2026-10-21,2026-10-23,Krakovka Residence,5247,8.9,8.0,1.2,False,940,10,2,0,2
prague,2026-10-21,2026-10-23,City Central De Luxe,7450,7.6,6.0,1.6,True,6875,10,2,0,2
prague,2026-10-21,2026-10-23,Adria Hotel Prague,5571,8.1,8.0,0.6,True,1289,10,2,0,2
prague,2026-10-21,2026-10-23,Narodni Stay,4794,8.3,6.0,0.6,False,6021,10,2,0,2
prague,2026-10-21,2026-10-23,Hotel Essence,9697,9.2,8.0,0.6,False,3090,10,2,0,2
prague,2026-10-21,2026-10-23,Mostecká 12 Residence,7559,9.1,6.0,1.1,False,1022,10,2,0,2
prague,2026-11-02,2026-11-05,"STAGES HOTEL Prague, a Tribute Portfolio Hotel",11727,9.4,8.0,5.6,True,17702,11,0,0,3
prague,2026-11-02,2026-11-05,a&o Prague Rhea,2672,7.7,6.0,5.7,False,24638,11,0,0,3
prague,2026-11-02,2026-11-05,Hotel Praga 1885 by Wagnerstays,5759,7.8,8.0,2.4,False,2293,11,0,0,3
prague,2026-11-02,2026-11-05,Majestic Plaza Hotel Prague,7224,8.6,8.0,1.0,True,6865,11,0,0,3
prague,2026-11-02,2026-11-05,The Cloud One Prague,8332,8.7,8.0,1.0,False,5785,11,0,0,3
prague,2026-11-02,2026-11-05,Hotel Bologna,6807,8.6,8.0,0.6,True,10827,11,0,0,3
prague,2026-11-02,2026-11-05,Perla Hotel,7552,8.7,8.0,0.4,False,5329,11,0,0,3
prague,2026-11-02,2026-11-05,Hotel Ariston Prague,5533,8.2,8.0,2.0,True,9045,11,0,0,3
prague,2026-11-02,2026-11-05,Grandium Hotel Prague,9530,8.6,10.0,0.8,True,13914,11,0,0,3
prague,2026-11-02,2026-11-05,Grand Hotel Prague Towers - Czech Leading Hotels,4874,9.0,10.0,2.8,False,20139,11,0,0,3
prague,2026-11-02,2026-11-05,Clarion Congress Hotel Prague,11430,9.2,8.0,6.3,True,7695,11,0,0,3
prague,2026-11-02,2026-11-05,Congress & Wellness Hotel Olsanka,4850,7.8,8.0,2.7,False,9698,11,0,0,3
prague,2026-11-02,2026-11-05,Martin Hotel Prague,6787,8.4,8.0,1.7,True,4591,11,0,0,3
prague,2026-11-02,2026-11-05,Louren - The Bridge Inn,6884,8.3,8.0,1.2,False,1253,11,0,0,3
prague,2026-11-02,2026-11-05,Motel One Prague-Florentinum,8550,8.7,6.0,1.0,False,4930,11,0,0,3
prague,2026-11-02,2026-11-05,Diplomat Hotel Prague,6866,8.9,8.0,2.6,True,6190,11,0,0,3
prague,2026-11-02,2026-11-05,Art Nouveau Palace Hotel,10174,9.0,10.0,0.6,False,5935,11,0,0,3
prague,2026-11-02,2026-11-05,Ibis Praha Old Town,6949,8.1,6.0,0.7,False,4955,11,0,0,3
prague,2026-11-02,2026-11-05,Krakovka Residence,7805,8.9,8.0,1.2,False,940,11,0,0,3
prague,2026-11-02,2026-11-05,City Central De Luxe,11175,7.6,6.0,1.6,True,6875,11,0,0,3
prague,2026-11-02,2026-11-05,Adria Hotel Prague,9444,8.1,8.0,0.6,True,1289,11,0,0,3
prague,2026-11-02,2026-11-07,"STAGES HOTEL Prague, a Tribute Portfolio Hotel",19546,9.4,8.0,5.6,True,17702,11,0,0,5
prague,2026-11-02,2026-11-07,a&o Prague Rhea,4925,7.7,6.0,5.7,False,24638,11,0,0,5
prague,2026-11-02,2026-11-07,Hotel Praga 1885 by Wagnerstays,10585,7.8,8.0,2.4,False,2293,11,0,0,5
prague,2026-11-02,2026-11-07,Majestic Plaza Hotel Prague,12906,8.6,8.0,1.0,True,6865,11,0,0,5
prague,2026-11-02,2026-11-07,The Cloud One Prague,14475,8.7,8.0,1.0,False,5785,11,0,0,5
prague,2026-11-02,2026-11-07,Hotel Bologna,12175,8.6,8.0,0.6,True,10827,11,0,0,5
prague,2026-11-02,2026-11-07,Perla Hotel,13354,8.7,8.0,0.4,False,5329,11,0,0,5
prague,2026-11-02,2026-11-07,Hotel Ariston Prague,9221,8.2,8.0,2.0,True,9045,11,0,0,5
prague,2026-11-02,2026-11-07,Grandium Hotel Prague,16653,8.6,10.0,0.8,True,13914,11,0,0,5
prague,2026-11-02,2026-11-07,Grand Hotel Prague Towers - Czech Leading Hotels,9206,9.0,10.0,2.8,False,20139,11,0,0,5
prague,2026-11-02,2026-11-07,Martin Hotel Prague,12995,8.4,8.0,1.7,True,4591,11,0,0,5
prague,2026-11-02,2026-11-07,Louren - The Bridge Inn,12573,8.3,8.0,1.2,False,1253,11,0,0,5
prague,2026-11-02,2026-11-07,Motel One Prague-Florentinum,15250,8.7,6.0,1.0,False,4930,11,0,0,5
prague,2026-11-02,2026-11-07,Clarion Congress Hotel Prague,15370,9.2,8.0,6.3,True,7695,11,0,0,5
prague,2026-11-02,2026-11-07,Diplomat Hotel Prague,12538,8.9,8.0,2.6,True,6190,11,0,0,5
prague,2026-11-02,2026-11-07,Art Nouveau Palace Hotel,16738,9.0,10.0,0.6,False,5935,11,0,0,5
prague,2026-11-02,2026-11-07,Ibis Praha Old Town,13555,8.1,6.0,0.7,False,4955,11,0,0,5
prague,2026-11-02,2026-11-07,Krakovka Residence,14898,8.9,8.0,1.2,False,940,11,0,0,5
prague,2026-11-02,2026-11-07,City Central De Luxe,18625,7.6,6.0,1.6,True,6875,11,0,0,5
prague,2026-11-02,2026-11-07,Adria Hotel Prague,10181,8.1,8.0,0.6,True,1289,11,0,0,5
prague,2026-11-02,2026-11-07,Hotel Essence,20302,9.2,8.0,0.6,False,3090,11,0,0,5
prague,2026-11-02,2026-11-07,Mostecká 12 Residence,18899,9.1,6.0,1.1,False,1022,11,0,0,5
prague,2026-11-14,2026-11-16,"STAGES HOTEL Prague, a Tribute Portfolio Hotel",8210,9.4,8.0,5.6,True,17702,11,5,1,2
prague,2026-11-14,2026-11-16,a&o Prague Rhea,1935,7.7,6.0,5.7,False,24638,11,5,1,2
prague,2026-11-14,2026-11-16,Hotel Praga 1885 by Wagnerstays,4848,7.8,8.0,2.4,False,2293,11,5,1,2
prague,2026-11-14,2026-11-16,Majestic Plaza Hotel Prague,5681,8.6,8.0,1.0,True,6865,11,5,1,2
prague,2026-11-14,2026-11-16,The Cloud One Prague,6236,8.7,8.0,1.0,False,5785,11,5,1,2
prague,2026-11-14,2026-11-16,Hotel Bologna,4845,8.6,8.0,0.6,True,10827,11,5,1,2
prague,2026-11-14,2026-11-16,Hotel Ariston Prague,3688,8.2,8.0,2.0,True,9045,11,5,1,2
prague,2026-11-14,2026-11-16,Grandium Hotel Prague,7122,8.6,10.0,0.8,True,13914,11,5,1,2
prague,2026-11-14,2026-11-16,Grand Hotel Prague Towers - Czech Leading Hotels,4591,9.0,10.0,2.8,False,20139,11,5,1,2
prague,2026-11-14,2026-11-16,Martin Hotel Prague,5968,8.4,8.0,1.7,True,4591,11,5,1,2
prague,2026-11-14,2026-11-16,Motel One Prague-Florentinum,6400,8.7,6.0,1.0,False,4930,11,5,1,2
prague,2026-11-14,2026-11-16,Diplomat Hotel Prague,5861,8.9,8.0,2.6,True,6190,11,5,1,2
prague,2026-11-14,2026-11-16,Art Nouveau Palace Hotel,7002,9.0,10.0,0.6,False,5935,11,5,1,2
prague,2026-11-14,2026-11-16,Ibis Praha Old Town,4476,8.1,6.0,0.7,False,4955,11,5,1,2
prague,2026-11-14,2026-11-16,Krakovka Residence,7093,8.9,8.0,1.2,False,940,11,5,1,2
prague,2026-11-14,2026-11-16,City Central De Luxe,7450,7.6,6.0,1.6,True,6875,11,5,1,2
prague,2026-11-14,2026-11-16,Adria Hotel Prague,4151,8.1,8.0,0.6,True,1289,11,5,1,2
prague,2026-11-14,2026-11-16,Clarion Congress Hotel Prague,5521,9.2,8.0,6.3,True,7695,11,5,1,2
prague,2026-11-14,2026-11-16,Mostecká 12 Residence,7559,9.1,6.0,1.1,False,1022,11,5,1,2
prague,2026-11-14,2026-11-16,Admiral Botel,4553,8.6,6.0,2.0,True,3374,11,5,1,2
prague,2026-11-14,2026-11-16,A1 Royal Plaza,5398,9.0,6.0,1.3,False,3986,11,5,1,2
prague,2026-11-14,2026-11-16,Mama Shelter Prague,4721,8.9,8.0,1.9,False,4641,11,5,1,2
prague,2026-11-14,2026-11-18,"STAGES HOTEL Prague, a Tribute Portfolio Hotel",15636,9.4,8.0,5.6,True,17702,11,5,1,4
prague,2026-11-14,2026-11-18,a&o Prague Rhea,3662,7.7,6.0,5.7,False,24638,11,5,1,4
prague,2026-11-14,2026-11-18,Hotel Praga 1885 by Wagnerstays,7984,7.8,8.0,2.4,False,2293,11,5,1,4
prague,2026-11-14,2026-11-18,Majestic Plaza Hotel Prague,10498,8.6,8.0,1.0,True,6865,11,5,1,4
prague,2026-11-14,2026-11-18,The Cloud One Prague,11729,8.7,8.0,1.0,False,5785,11,5,1,4
prague,2026-11-14,2026-11-18,Hotel Bologna,10287,8.6,8.0,0.6,True,10827,11,5,1,4
prague,2026-11-14,2026-11-18,Hotel Ariston Prague,7377,8.2,8.0,2.0,True,9045,11,5,1,4
prague,2026-11-14,2026-11-18,Perla Hotel,15109,8.7,8.0,0.4,False,5329,11,5,1,4
prague,2026-11-14,2026-11-18,Grandium Hotel Prague,13476,8.6,10.0,0.8,True,13914,11,5,1,4
prague,2026-11-14,2026-11-18,Grand Hotel Prague Towers - Czech Leading Hotels,7841,9.0,10.0,2.8,False,20139,11,5,1,4
prague,2026-11-14,2026-11-18,Martin Hotel Prague,10973,8.4,8.0,1.7,True,4591,11,5,1,4
prague,2026-11-14,2026-11-18,Louren - The Bridge Inn,10278,8.3,8.0,1.2,False,1253,11,5,1,4
prague,2026-11-14,2026-11-18,Motel One Prague-Florentinum,12100,8.7,6.0,1.0,False,4930,11,5,1,4
prague,2026-11-14,2026-11-18,Diplomat Hotel Prague,12003,8.9,8.0,2.6,True,6190,11,5,1,4
prague,2026-11-14,2026-11-18,Art Nouveau Palace Hotel,13785,9.0,10.0,0.6,False,5935,11,5,1,4
prague,2026-11-14,2026-11-18,Clarion Congress Hotel Prague,12533,9.2,8.0,6.3,True,7695,11,5,1,4
prague,2026-11-14,2026-11-18,Ibis Praha Old Town,8198,8.1,6.0,0.7,False,4955,11,5,1,4
prague,2026-11-14,2026-11-18,Krakovka Residence,12296,8.9,8.0,1.2,False,940,11,5,1,4
prague,2026-11-14,2026-11-18,City Central De Luxe,14900,7.6,6.0,1.6,True,6875,11,5,1,4
prague,2026-11-14,2026-11-18,Adria Hotel Prague,10880,8.1,8.0,0.6,True,1289,11,5,1,4
prague,2026-11-14,2026-11-18,Mostecká 12 Residence,15119,9.1,6.0,1.1,False,1022,11,5,1,4
prague,2026-11-14,2026-11-18,Admiral Botel,8497,8.6,6.0,2.0,True,3374,11,5,1,4
prague,2026-11-26,2026-11-27,Hotel Ankora,2471,8.3,6.0,1.4,True,4404,11,3,0,1
prague,2026-11-26,2026-11-27,"STAGES HOTEL Prague, a Tribute Portfolio Hotel",10932,9.4,8.0,5.6,True,17702,11,3,0,1
prague,2026-11-26,2026-11-27,Hotel Praga 1885 by Wagnerstays,3999,7.8,8.0,2.4,False,2293,11,3,0,1
prague,2026-11-26,2026-11-27,Majestic Plaza Hotel Prague,3561,8.6,8.0,1.0,True,6865,11,3,0,1
prague,2026-11-26,2026-11-27,The Cloud One Prague,3050,8.7,8.0,1.0,False,5785,11,3,0,1
prague,2026-11-26,2026-11-27,Hotel Bologna,3181,8.6,8.0,0.6,True,10827,11,3,0,1
prague,2026-11-26,2026-11-27,Perla Hotel,4489,8.7,8.0,0.4,False,5329,11,3,0,1
prague,2026-11-26,2026-11-27,Hotel Ariston Prague,1844,8.2,8.0,2.0,True,9045,11,3,0,1
prague,2026-11-26,2026-11-27,Grandium Hotel Prague,5379,8.6,10.0,0.8,True,13914,11,3,0,1
prague,2026-11-26,2026-11-27,Grand Hotel Prague Towers - Czech Leading Hotels,2378,9.0,10.0,2.8,False,20139,11,3,0,1
prague,2026-11-26,2026-11-27,Clarion Congress Hotel Prague,4468,9.2,8.0,6.3,True,7695,11,3,0,1
prague,2026-11-26,2026-11-27,Congress & Wellness Hotel Olsanka,1617,7.8,8.0,2.7,False,9698,11,3,0,1
prague,2026-11-26,2026-11-27,Martin Hotel Prague,2262,8.4,8.0,1.7,True,4591,11,3,0,1
prague,2026-11-26,2026-11-27,Louren - The Bridge Inn,2295,8.3,8.0,1.2,False,1253,11,3,0,1
prague,2026-11-26,2026-11-27,Motel One Prague-Florentinum,3150,8.7,6.0,1.0,False,4930,11,3,0,1
prague,2026-11-26,2026-11-27,Diplomat Hotel Prague,3914,8.9,8.0,2.6,True,6190,11,3,0,1
prague,2026-11-26,2026-11-27,Art Nouveau Palace Hotel,4991,9.0,10.0,0.6,False,5935,11,3,0,1
prague,2026-11-26,2026-11-27,Ibis Praha Old Town,2319,8.1,6.0,0.7,False,4955,11,3,0,1
prague,2026-11-26,2026-11-27,Krakovka Residence,2794,8.9,8.0,1.2,False,940,11,3,0,1
prague,2026-11-26,2026-11-27,City Central De Luxe,3895,7.6,6.0,1.6,True,6875,11,3,0,1
prague,2026-11-26,2026-11-27,Adria Hotel Prague,3805,8.1,8.0,0.6,True,1289,11,3,0,1
prague,2026-11-26,2026-11-27,Admiral Botel,2021,8.6,6.0,2.0,True,3374,11,3,0,1
prague,2026-11-26,2026-11-27,A1 Royal Plaza,2399,9.0,6.0,1.3,False,3986,11,3,0,1
prague,2026-11-26,2026-11-29,"STAGES HOTEL Prague, a Tribute Portfolio Hotel",14983,9.4,8.0,5.6,True,17702,11,3,0,3
prague,2026-11-26,2026-11-29,a&o Prague Rhea,4929,7.7,6.0,5.7,False,24638,11,3,0,3
prague,2026-11-26,2026-11-29,Hotel Praga 1885 by Wagnerstays,17504,7.8,8.0,2.4,False,2293,11,3,0,3
prague,2026-11-26,2026-11-29,Majestic Plaza Hotel Prague,16833,8.6,8.0,1.0,True,6865,11,3,0,3
prague,2026-11-26,2026-11-29,The Cloud One Prague,9911,8.7,8.0,1.0,False,5785,11,3,0,3
prague,2026-11-26,2026-11-29,Hotel Bologna,12651,8.6,8.0,0.6,True,10827,11,3,0,3
prague,2026-11-26,2026-11-29,Hotel Ariston Prague,6631,8.2,8.0,2.0,True,9045,11,3,0,3
prague,2026-11-26,2026-11-29,Grandium Hotel Prague,18149,8.6,10.0,0.8,True,13914,11,3,0,3
prague,2026-11-26,2026-11-29,Grand Hotel Prague Towers - Czech Leading Hotels,9442,9.0,10.0,2.8,False,20139,11,3,0,3
prague,2026-11-26,2026-11-29,Congress & Wellness Hotel Olsanka,6661,7.8,8.0,2.7,False,9698,11,3,0,3
prague,2026-11-26,2026-11-29,Martin Hotel Prague,13522,8.4,8.0,1.7,True,4591,11,3,0,3
prague,2026-11-26,2026-11-29,Louren - The Bridge Inn,10181,8.3,8.0,1.2,False,1253,11,3,0,3
prague,2026-11-26,2026-11-29,Motel One Prague-Florentinum,10650,8.7,6.0,1.0,False,4930,11,3,0,3
prague,2026-11-26,2026-11-29,Diplomat Hotel Prague,16052,8.9,8.0,2.6,True,6190,11,3,0,3
prague,2026-11-26,2026-11-29,Ibis Praha Old Town,9193,8.1,6.0,0.7,False,4955,11,3,0,3
prague,2026-11-26,2026-11-29,Perla Hotel,15659,8.7,8.0,0.4,False,5329,11,3,0,3
prague,2026-11-26,2026-11-29,Krakovka Residence,11585,8.9,8.0,1.2,False,940,11,3,0,3
prague,2026-11-26,2026-11-29,City Central De Luxe,11175,7.6,6.0,1.6,True,6875,11,3,0,3
prague,2026-11-26,2026-11-29,Mostecká 12 Residence,11339,9.1,6.0,1.1,False,1022,11,3,0,3
prague,2026-11-26,2026-11-29,Clarion Congress Hotel Prague,10714,9.2,8.0,6.3,True,7695,11,3,0,3
prague,2026-11-26,2026-11-29,Admiral Botel,7912,8.6,6.0,2.0,True,3374,11,3,0,3
prague,2026-11-26,2026-11-29,A1 Royal Plaza,8397,9.0,6.0,1.3,False,3986,11,3,0,3
prague,2026-12-08,2026-12-10,"STAGES HOTEL Prague, a Tribute Portfolio Hotel",8210,9.4,8.0,5.6,True,17702,12,1,0,2
prague,2026-12-08,2026-12-10,a&o Prague Rhea,2238,7.7,6.0,5.7,False,24638,12,1,0,2
prague,2026-12-08,2026-12-10,Hotel Praga 1885 by Wagnerstays,5902,7.8,8.0,2.4,False,2293,12,1,0,2
prague,2026-12-08,2026-12-10,Majestic Plaza Hotel Prague,7699,8.6,8.0,1.0,True,6865,12,1,0,2
prague,2026-12-08,2026-12-10,The Cloud One Prague,5679,8.7,8.0,1.0,False,5785,12,1,0,2
prague,2026-12-08,2026-12-10,Hotel Ariston Prague,3688,8.2,8.0,2.0,True,9045,12,1,0,2
prague,2026-12-08,2026-12-10,Hotel Bologna,6611,8.6,8.0,0.6,True,10827,12,1,0,2
prague,2026-12-08,2026-12-10,Grand Hotel Prague Towers - Czech Leading Hotels,4991,9.0,10.0,2.8,False,20139,12,1,0,2
prague,2026-12-08,2026-12-10,Clarion Congress Hotel Prague,4661,9.2,8.0,6.3,True,7695,12,1,0,2
prague,2026-12-08,2026-12-10,Congress & Wellness Hotel Olsanka,3233,7.8,8.0,2.7,False,9698,12,1,0,2
prague,2026-12-08,2026-12-10,Martin Hotel Prague,5779,8.4,8.0,1.7,True,4591,12,1,0,2
prague,2026-12-08,2026-12-10,Old Prague Hotel,4533,8.9,6.0,0.4,True,5753,12,1,0,2
prague,2026-12-08,2026-12-10,Louren - The Bridge Inn,7153,8.3,8.0,1.2,False,1253,12,1,0,2
prague,2026-12-08,2026-12-10,Motel One Prague-Florentinum,6200,8.7,6.0,1.0,False,4930,12,1,0,2
prague,2026-12-08,2026-12-10,Diplomat Hotel Prague,6671,8.9,8.0,2.6,True,6190,12,1,0,2
prague,2026-12-08,2026-12-10,Ibis Praha Old Town,5784,8.1,6.0,0.7,False,4955,12,1,0,2
prague,2026-12-08,2026-12-10,Narodni Stay,5041,8.3,6.0,0.6,False,6021,12,1,0,2
prague,2026-12-08,2026-12-10,Mostecká 12 Residence,7559,9.1,6.0,1.1,False,1022,12,1,0,2
prague,2026-12-08,2026-12-10,Admiral Botel,4041,8.6,6.0,2.0,True,3374,12,1,0,2
prague,2026-12-08,2026-12-10,Mama Shelter Prague,5038,8.9,8.0,1.9,False,4641,12,1,0,2
prague,2026-12-08,2026-12-10,NYX Hotel Prague by Leonardo Hotels,11545,8.7,8.0,0.6,False,4929,12,1,0,2
prague,2026-12-08,2026-12-10,Libero Apartments,6427,9.3,8.0,1.8,False,1818,12,1,0,2
prague,2026-12-08,2026-12-13,"STAGES HOTEL Prague, a Tribute Portfolio Hotel",23181,9.4,8.0,5.6,True,17702,12,1,0,5
prague,2026-12-08,2026-12-13,a&o Prague Rhea,10601,7.7,6.0,5.7,False,24638,12,1,0,5
prague,2026-12-08,2026-12-13,Hotel Praga 1885 by Wagnerstays,28695,7.8,8.0,2.4,False,2293,12,1,0,5
prague,2026-12-08,2026-12-13,Majestic Plaza Hotel Prague,24820,8.6,8.0,1.0,True,6865,12,1,0,5
prague,2026-12-08,2026-12-13,The Cloud One Prague,17075,8.7,8.0,1.0,False,5785,12,1,0,5
prague,2026-12-08,2026-12-13,Hotel Bologna,19845,8.6,8.0,0.6,True,10827,12,1,0,5
prague,2026-12-08,2026-12-13,Hotel Ariston Prague,10319,8.2,8.0,2.0,True,9045,12,1,0,5
prague,2026-12-08,2026-12-13,Grand Hotel Prague Towers - Czech Leading Hotels,16670,9.0,10.0,2.8,False,20139,12,1,0,5
prague,2026-12-08,2026-12-13,Martin Hotel Prague,22930,8.4,8.0,1.7,True,4591,12,1,0,5
prague,2026-12-08,2026-12-13,Louren - The Bridge Inn,20813,8.3,8.0,1.2,False,1253,12,1,0,5
prague,2026-12-08,2026-12-13,Motel One Prague-Florentinum,18650,8.7,6.0,1.0,False,4930,12,1,0,5
prague,2026-12-08,2026-12-13,Diplomat Hotel Prague,21522,8.9,8.0,2.6,True,6190,12,1,0,5
prague,2026-12-08,2026-12-13,Ibis Praha Old Town,17594,8.1,6.0,0.7,False,4955,12,1,0,5
prague,2026-12-08,2026-12-13,Krakovka Residence,77266,8.9,8.0,1.2,False,940,12,1,0,5
prague,2026-12-08,2026-12-13,Clarion Congress Hotel Prague,20454,9.2,8.0,6.3,True,7695,12,1,0,5
prague,2026-12-08,2026-12-13,Narodni Stay,17060,8.3,6.0,0.6,False,6021,12,1,0,5
prague,2026-12-08,2026-12-13,Mostecká 12 Residence,18899,9.1,6.0,1.1,False,1022,12,1,0,5
prague,2026-12-08,2026-12-13,Admiral Botel,13561,8.6,6.0,2.0,True,3374,12,1,0,5
prague,2026-12-08,2026-12-13,Mama Shelter Prague,17305,8.9,8.0,1.9,False,4641,12,1,0,5
prague,2026-12-08,2026-12-13,NYX Hotel Prague by Leonardo Hotels,37123,8.7,8.0,0.6,False,4929,12,1,0,5
prague,2026-12-08,2026-12-13,Libero Apartments,17482,9.3,8.0,1.8,False,1818,12,1,0,5
prague,2026-12-08,2026-12-13,OREA Hotel Andels Praha,24237,9.0,8.0,2.2,True,4958,12,1,0,5
prague,2026-12-20,2026-12-24,"STAGES HOTEL Prague, a Tribute Portfolio Hotel",15636,9.4,8.0,5.6,True,17702,12,6,1,4
prague,2026-12-20,2026-12-24,a&o Prague Rhea,4687,7.7,6.0,5.7,False,24638,12,6,1,4
prague,2026-12-20,2026-12-24,Hotel Praga 1885 by Wagnerstays,16557,7.8,8.0,2.4,False,2293,12,6,1,4
prague,2026-12-20,2026-12-24,Majestic Plaza Hotel Prague,14629,8.6,8.0,1.0,True,6865,12,6,1,4
prague,2026-12-20,2026-12-24,The Cloud One Prague,16743,8.7,8.0,1.0,False,5785,12,6,1,4
prague,2026-12-20,2026-12-24,Hotel Bologna,10766,8.6,8.0,0.6,True,10827,12,6,1,4
prague,2026-12-20,2026-12-24,Hotel Ariston Prague,7926,8.2,8.0,2.0,True,9045,12,6,1,4
prague,2026-12-20,2026-12-24,Grand Hotel Prague Towers - Czech Leading Hotels,8547,9.0,10.0,2.8,False,20139,12,6,1,4
prague,2026-12-20,2026-12-24,Clarion Congress Hotel Prague,14037,9.2,8.0,6.3,True,7695,12,6,1,4
prague,2026-12-20,2026-12-24,Congress & Wellness Hotel Olsanka,6466,7.8,8.0,2.7,False,9698,12,6,1,4
prague,2026-12-20,2026-12-24,Martin Hotel Prague,13061,8.4,8.0,1.7,True,4591,12,6,1,4
prague,2026-12-20,2026-12-24,Old Prague Hotel,9943,8.9,6.0,0.4,True,5753,12,6,1,4
prague,2026-12-20,2026-12-24,Louren - The Bridge Inn,15954,8.3,8.0,1.2,False,1253,12,6,1,4
prague,2026-12-20,2026-12-24,Motel One Prague-Florentinum,14700,8.7,6.0,1.0,False,4930,12,6,1,4
prague,2026-12-20,2026-12-24,Diplomat Hotel Prague,11017,8.9,8.0,2.6,True,6190,12,6,1,4
prague,2026-12-20,2026-12-24,Art Nouveau Palace Hotel,17553,9.0,10.0,0.6,False,5935,12,6,1,4
prague,2026-12-20,2026-12-24,Ibis Praha Old Town,10649,8.1,6.0,0.7,False,4955,12,6,1,4
prague,2026-12-20,2026-12-24,Krakovka Residence,61813,8.9,8.0,1.2,False,940,12,6,1,4
prague,2026-12-20,2026-12-24,Narodni Stay,11315,8.3,6.0,0.6,False,6021,12,6,1,4
prague,2026-12-20,2026-12-24,Mama Shelter Prague,8712,8.9,8.0,1.9,False,4641,12,6,1,4
prague,2026-12-20,2026-12-24,NYX Hotel Prague by Leonardo Hotels,20132,8.7,8.0,0.6,False,4929,12,6,1,4
prague,2026-12-20,2026-12-22,"STAGES HOTEL Prague, a Tribute Portfolio Hotel",8210,9.4,8.0,5.6,True,17702,12,6,1,2
prague,2026-12-20,2026-12-22,a&o Prague Rhea,2293,7.7,6.0,5.7,False,24638,12,6,1,2
prague,2026-12-20,2026-12-22,Hotel Praga 1885 by Wagnerstays,7992,7.8,8.0,2.4,False,2293,12,6,1,2
prague,2026-12-20,2026-12-22,Majestic Plaza Hotel Prague,7122,8.6,8.0,1.0,True,6865,12,6,1,2
prague,2026-12-20,2026-12-22,The Cloud One Prague,7071,8.7,8.0,1.0,False,5785,12,6,1,2
prague,2026-12-20,2026-12-22,Hotel Bologna,4761,8.6,8.0,0.6,True,10827,12,6,1,2
prague,2026-12-20,2026-12-22,Hotel Ariston Prague,3688,8.2,8.0,2.0,True,9045,12,6,1,2
prague,2026-12-20,2026-12-22,Grand Hotel Prague Towers - Czech Leading Hotels,4026,9.0,10.0,2.8,False,20139,12,6,1,2
prague,2026-12-20,2026-12-22,Clarion Congress Hotel Prague,8723,9.2,8.0,6.3,True,7695,12,6,1,2
prague,2026-12-20,2026-12-22,Congress & Wellness Hotel Olsanka,3233,7.8,8.0,2.7,False,9698,12,6,1,2
prague,2026-12-20,2026-12-22,Martin Hotel Prague,6423,8.4,8.0,1.7,True,4591,12,6,1,2
prague,2026-12-20,2026-12-22,Old Prague Hotel,4971,8.9,6.0,0.4,True,5753,12,6,1,2
prague,2026-12-20,2026-12-22,Louren - The Bridge Inn,7703,8.3,8.0,1.2,False,1253,12,6,1,2
prague,2026-12-20,2026-12-22,Motel One Prague-Florentinum,6100,8.7,6.0,1.0,False,4930,12,6,1,2
prague,2026-12-20,2026-12-22,Diplomat Hotel Prague,5630,8.9,8.0,2.6,True,6190,12,6,1,2
prague,2026-12-20,2026-12-22,Art Nouveau Palace Hotel,8339,9.0,10.0,0.6,False,5935,12,6,1,2
prague,2026-12-20,2026-12-22,Ibis Praha Old Town,5072,8.1,6.0,0.7,False,4955,12,6,1,2
prague,2026-12-20,2026-12-22,Narodni Stay,5657,8.3,6.0,0.6,False,6021,12,6,1,2
prague,2026-12-20,2026-12-22,Admiral Botel,3944,8.6,6.0,2.0,True,3374,12,6,1,2
prague,2026-12-20,2026-12-22,Mama Shelter Prague,4478,8.9,8.0,1.9,False,4641,12,6,1,2
prague,2026-12-20,2026-12-22,NYX Hotel Prague by Leonardo Hotels,9792,8.7,8.0,0.6,False,4929,12,6,1,2
