city,date,event_name,lat,lon
Prague,2026-06-02,Lusaint,50.07141,14.44847
Prague,2026-06-03,MASTODON,50.10341,14.49352
Prague,2026-06-05,Best Dance Group 2026 - Friday,50.10341,14.49352
Prague,2026-06-06,Best Dance Group 2026 - Saturday,50.10341,14.49352
Prague,2026-06-07,Best Dance Group 2026 - Sunday,50.10341,14.49352
Prague,2026-06-07,Tricky,50.05325,14.40828
Prague,2026-06-08,"Baxter Dury, support: mmnk",50.09072,14.42588
Prague,2026-06-09,Garbage,50.08092,14.42642
Prague,2026-06-09,ELÁN & Friends,50.10479,14.49377
Prague,2026-06-12,femtanyl - Man Bites Dog Tour,50.09525,14.43668
Prague,2026-06-12,Magic of Miyazaki. Voice of Japan,50.10378,14.45332
Prague,2026-06-13,Joost Klein: World Tour,50.09143,14.45481
Prague,2026-06-14,Nightbus,50.09539,14.4363
Prague,2026-06-17,fakemink: a Terrible Beauty . - The Tour,50.09938,14.44477
Prague,2026-06-17,An Evening With David Byrne – Who Is the Sky Tour,50.10341,14.49352
Prague,2026-06-18,Mac DeMarco,50.09143,14.45481
Prague,2026-06-18,BEAT - Performing the Music of 80s KING CRIMSON,50.10341,14.49352
Prague,2026-06-18,METRONOME PRAGUE 2026 | ACCOMMODATION (18/6/2026),50.12708,14.48587
Prague,2026-06-20,METRONOME PRAGUE 2026 | ACCOMMODATION (20/6/2026),50.12708,14.48587
Prague,2026-06-20,METRONOME PRAGUE 2026 | SATURDAY - VIP TICKETS,50.1279,14.51512
Prague,2026-06-20,METRONOME PRAGUE 2026 | SATURDAY,50.1279,14.51512
Prague,2026-06-21,METRONOME PRAGUE 2026 | ACCOMMODATION (21/6/2026),50.12708,14.48587
Prague,2026-06-21,METRONOME PRAGUE 2026 | SUNDAY,50.1279,14.51512
Prague,2026-06-21,METRONOME PRAGUE 2026 | SUNDAY - VIP TICKETS,50.1279,14.51512
Prague,2026-06-22,"Aldous Harding, support: Vera Ellen",50.09072,14.42588
Prague,2026-06-22,"Dream, Ivory, support: losers!",50.06568,14.40768
Prague,2026-06-24,Men I Trust,50.09072,14.42588
Prague,2026-06-24,Duran Duran,50.10479,14.49377
Prague,2026-06-24,Komedie omylů - ZADÁNO,50.09165,14.40441
Prague,2026-06-25,Komedie omylů - ZADÁNO,50.09165,14.40441
Prague,2026-06-26,Komedie omylů,50.09165,14.40441
Prague,2026-06-27,ONEREPUBLIC,50.1279,14.51512
Prague,2026-06-27,ONEREPUBLIC | Baggage Storage,50.12905,14.5268
Prague,2026-06-27,Komedie omylů,50.09165,14.40441
Prague,2026-06-29,RICKY MARTIN LIVE 2026,50.10479,14.49377
Prague,2026-06-29,Komedie omylů,50.09165,14.40441
Prague,2026-06-30,Komedie omylů,50.09165,14.40441
Prague,2026-07-01,Komedie omylů,50.09165,14.40441
Prague,2026-07-02,A Perfect Circle,50.09143,14.45481
Prague,2026-07-02,Komedie omylů,50.09165,14.40441
Prague,2026-07-03,Komedie omylů,50.09165,14.40441
Prague,2026-07-05,Komedie omylů,50.09165,14.40441
Prague,2026-07-06,Komedie omylů,50.09165,14.40441
Prague,2026-07-07,IDLES,50.09143,14.45481
Prague,2026-07-07,Komedie omylů,50.09165,14.40441
Prague,2026-07-08,Komedie omylů,50.09165,14.40441
Prague,2026-07-09,Komedie omylů,50.09165,14.40441
Prague,2026-07-10,Komedie omylů  – BENEFIČNÍ PŘEDSTAVENÍ PRO CENTRUM PARAPLE,50.09165,14.40441
Prague,2026-07-11,Komedie omylů,50.09165,14.40441
Prague,2026-07-12,Komedie omylů,50.09165,14.40441
Prague,2026-07-13,Komedie omylů,50.09165,14.40441
Prague,2026-07-14,Starbenders - The Beast Goes On Tour 2026,50.09539,14.4363
Prague,2026-07-14,Komedie omylů,50.09165,14.40441
Prague,2026-07-15,ERIC JOHNSON - Texaphonic Europe Tour 2026,50.08195,14.41848
Prague,2026-07-15,Kraftwerk,50.09143,14.45481
Prague,2026-07-15,Komedie omylů,50.09165,14.40441
Prague,2026-07-17,AS YOU LIKE IT (EN),50.09165,14.40441
Prague,2026-07-18,TWELFTH NIGHT (EN),50.09165,14.40441
Prague,2026-07-20,Jak se vám líbí,50.09165,14.40441
Prague,2026-07-21,Jak se vám líbí,50.09165,14.40441
Prague,2026-07-22,Jak se vám líbí,50.09165,14.40441
Prague,2026-07-23,Jak se vám líbí,50.09165,14.40441
Prague,2026-07-24,Jak se vám líbí,50.09165,14.40441
Prague,2026-07-26,Pitbull – I’m Back!,50.1279,14.51512
Prague,2026-07-26,Pitbull – I’m Back! | Lil Jon VIP Party Upgrade,50.1279,14.51512
Prague,2026-07-26,Pitbull – I’m Back! | Lil Jon Meet&Greet Upgrade,50.1279,14.51512
Prague,2026-07-26,Pitbull – I’m Back! | Baggage Storage,50.12905,14.5268
Prague,2026-07-26,Marná lásky snaha,50.09165,14.40441
Prague,2026-07-27,Marná lásky snaha,50.09165,14.40441
Prague,2026-07-28,"Charlie Puth - Whatever's Clever! World Tour, support: Bradley Simpson",50.09143,14.45481
Prague,2026-07-28,Marná lásky snaha,50.09165,14.40441
Prague,2026-07-29,Marná lásky snaha,50.09165,14.40441
Prague,2026-07-30,Marná lásky snaha,50.09165,14.40441
Prague,2026-07-31,Agnes Obel,50.08944,14.43427
Prague,2026-07-31,Marná lásky snaha,50.09165,14.40441
Prague,2026-08-01,Marná lásky snaha,50.09165,14.40441
Prague,2026-08-02,Marná lásky snaha,50.09165,14.40441
Prague,2026-08-04,Othello,50.09165,14.40441
Prague,2026-08-05,Othello,50.09165,14.40441
Prague,2026-08-06,Othello,50.09165,14.40441
Prague,2026-08-07,Othello,50.09165,14.40441
Prague,2026-08-08,Othello,50.09165,14.40441
Prague,2026-08-10,AIRBOURNE,50.09143,14.45481
Prague,2026-08-10,Othello,50.09165,14.40441
Prague,2026-08-11,Zimní pohádka,50.08817,14.40213
Prague,2026-08-11,Othello,50.09165,14.40441
Prague,2026-08-12,Zimní pohádka,50.08817,14.40213
Prague,2026-08-12,Othello,50.09165,14.40441
Prague,2026-08-13,Zimní pohádka,50.08817,14.40213
Prague,2026-08-14,Zimní pohádka,50.08817,14.40213
Prague,2026-08-14,Večer tříkrálový aneb cokoli chcete,50.09165,14.40441
Prague,2026-08-15,Zimní pohádka,50.08817,14.40213
Prague,2026-08-15,Večer tříkrálový aneb cokoli chcete,50.09165,14.40441
Prague,2026-08-16,Večer tříkrálový aneb cokoli chcete,50.09165,14.40441
Prague,2026-08-17,Veselé paničky windsorské,50.08817,14.40213
Prague,2026-08-17,Večer tříkrálový aneb cokoli chcete,50.09165,14.40441
Prague,2026-08-18,Veselé paničky windsorské,50.08817,14.40213
Prague,2026-08-18,Večer tříkrálový aneb cokoli chcete,50.09165,14.40441
Prague,2026-08-19,Veselé paničky windsorské,50.08817,14.40213
Prague,2026-08-20,Hermanos Gutiérrez,50.08092,14.42642
Prague,2026-08-20,Veselé paničky windsorské,50.08817,14.40213
Prague,2026-08-20,Macbeth,50.09165,14.40441
Prague,2026-08-21,Veselé paničky windsorské,50.08817,14.40213
Prague,2026-08-21,Macbeth,50.09165,14.40441
Prague,2026-08-22,OMD,50.10997,14.43123
Prague,2026-08-22,Veselé paničky windsorské,50.08817,14.40213
Prague,2026-08-22,Macbeth,50.09165,14.40441
Prague,2026-08-23,Veselé paničky windsorské,50.08817,14.40213
Prague,2026-08-23,Macbeth,50.09165,14.40441
Prague,2026-08-24,Marná lásky snaha,50.08817,14.40213
Prague,2026-08-24,Macbeth,50.09165,14.40441
Prague,2026-08-25,Marná lásky snaha,50.08817,14.40213
Prague,2026-08-25,Macbeth,50.09165,14.40441
Prague,2026-08-27,Komedie omylů - ZADÁNO,50.09165,14.40441
Prague,2026-08-28,Marná lásky snaha,50.08817,14.40213
Prague,2026-08-28,Komedie omylů,50.09165,14.40441
Prague,2026-08-29,Marná lásky snaha,50.08817,14.40213
Prague,2026-08-29,Komedie omylů,50.09165,14.40441
Prague,2026-08-30,Adam Plachetka a Ondřej Havelka & Melody Makers / Nebe na Zemi,50.08762,14.42822
Prague,2026-08-30,Marná lásky snaha,50.08817,14.40213
Prague,2026-08-30,Komedie omylů,50.09165,14.40441
Prague,2026-08-31,Komedie omylů,50.09165,14.40441
Prague,2026-09-01,Komedie omylů,50.09165,14.40441
Prague,2026-09-02,Komedie omylů - ZADÁNO,50.09165,14.40441
Prague,2026-09-03,Komedie omylů,50.09165,14.40441
Prague,2026-09-04,PREMIUM Lunch In The Sky,50.06831,14.39334
Prague,2026-09-04,Tapas & Cava In The Sky,50.06831,14.39334
Prague,2026-09-04,PREMIUM Dinner In The Sky,50.06831,14.39334
Prague,2026-09-04,The Comedy Store,50.08195,14.41848
Prague,2026-09-04,EXCLUSIVE Dinner In The Sky - during the sunset,50.06831,14.39334
Prague,2026-09-04,Brian Cox – Emergence World Tour 2026,50.06197,14.42858
Prague,2026-09-04,Komedie omylů,50.09165,14.40441
Prague,2026-09-05,PREMIUM Lunch In The Sky,50.06831,14.39334
Prague,2026-09-05,EXCLUSIVE Lunch In The Sky,50.06831,14.39334
Prague,2026-09-05,PREMIUM Dinner In The Sky,50.06831,14.39334
Prague,2026-09-05,EXCLUSIVE Dinner In The Sky - during the sunset,50.06831,14.39334
Prague,2026-09-05,Komedie omylů,50.09165,14.40441
Prague,2026-09-06,PREMIUM Lunch In The Sky,50.06831,14.39334
Prague,2026-09-06,PREMIUM Dinner In The Sky,50.06831,14.39334
Prague,2026-09-06,EXCLUSIVE Dinner In The Sky - during the sunset,50.06831,14.39334
Prague,2026-09-11,Feng,50.09072,14.42588
Prague,2026-09-16,JAZZ SABBATH,50.10529,14.42915
Prague,2026-09-18,Doctor Victor,50.0814,14.42528
Prague,2026-09-21,Ari Eldjárn,50.07689,14.43844
Prague,2026-09-21,DANIEL SLOSS - BITTER,50.09143,14.45481
Prague,2026-09-23,The Pussycat Dolls: PCD FOREVER TOUR,50.10479,14.49377
Prague,2026-09-23,Isabel van Gelder,50.07141,14.44847
Prague,2026-09-25,Spiritbox + special guests: Jinjer + Dying Wish,50.09143,14.45481
Prague,2026-09-25,OSMANY LAFFITA season SPRING – SUMMER 2027,50.12945,14.51459
Prague,2026-09-27,YZO O2 ARENA,50.10479,14.49377
Prague,2026-09-28,Wolfgang Beltracchi: The Divine Stories (07.05. - 27.9.2026),50.08762,14.42822
Prague,2026-09-29,Progres 2,50.0814,14.42528
Vienna,2026-06-01,Conan Gray: Wishbone World Tour With Special Guest Esha Tewari,48.20201,16.33146
Vienna,2026-06-01,Choir! Choir! Choir! - Presents: We Will Choir! You,48.17369,16.41724
Vienna,2026-06-02,Paint & Sip in Wien,48.19511,16.35148
Vienna,2026-06-05,Paint & Sip in Wien,48.19511,16.35148
Vienna,2026-06-09,Paint & Sip in Wien,48.19511,16.35148
Vienna,2026-06-16,Paint & Sip in Wien,48.19511,16.35148
Vienna,2026-06-16,Jehnny Beth,48.22328,16.35142
Vienna,2026-06-17,Strauss & Mozart Konzert – Das Mozart Jubiläum,48.20572,16.36473
Vienna,2026-06-19,Adventure Allrad Austria 2026,48.32842,16.03817
Vienna,2026-06-22,Mac DeMarco - Tour 2026,48.18785,16.41297
Vienna,2026-06-23,Paint & Sip in Wien,48.19511,16.35148
Vienna,2026-06-23,Aldous Harding,48.18783,16.41287
Vienna,2026-06-25,Men I Trust - Equus Euro Tour 2026,48.18785,16.41297
Vienna,2026-06-30,Paint & Sip in Wien,48.19511,16.35148
Vienna,2026-07-07,The Sophs - Europe 2026 Tour,48.21007,16.33899
Vienna,2026-07-11,Helene Fischer - 360° Stadion Tour 2026,48.20721,16.42099
Vienna,2026-07-21,Culture Wars,48.17549,16.40813
Vienna,2026-08-06,Wincent Weiss - Sommertour 2026,48.23112,16.45237
Vienna,2026-09-03,Von Wegen Lisbeth - Strandbad Eldena - Sommertour 2026,48.18785,16.41297
Vienna,2026-09-03,Zackavelli - MASI 2 TOUR,48.21765,16.37093
Vienna,2026-09-08,Jacob Collier - The Light For Days Tour,48.18735,16.40542
Vienna,2026-09-10,HEINZ AUS WIEN - 30 Jahre Heinz aus Wien,48.18783,16.41287
Vienna,2026-09-11,New Constellations - Euro 26 Tour,48.21444,16.3408
Vienna,2026-09-13,Donny Benet - Europe/UK 2026,48.22328,16.35142
Vienna,2026-09-14,TJARK - auch wenn’s uns morgen nicht mehr gibt Tour 2026,48.17369,16.41724
Vienna,2026-09-19,HAEVN - TERRA NOVA TOUR,48.20236,16.33288
Vienna,2026-09-22,WITCHZ presents ENTER AFTERLIFE World Tour 2026,48.21765,16.37093
Vienna,2026-09-23,CA7RIEL & Paco Amoroso - FREE SPIRITS WORLD TOUR,48.18538,16.41852
Berlin,2026-06-01,Ben Camden - Live 2026,52.48768,13.48072
Berlin,2026-06-02,An Evening with PinkPantheress,52.50152,13.38175
Berlin,2026-06-03,Cirque du Soleil ALIZÉ,52.5076,13.37386
Berlin,2026-06-03,BAND-MAID - BAND-MAID WORLD TOUR 2026 | VIP Package,52.48461,13.3915
Berlin,2026-06-03,BAND-MAID - BAND-MAID WORLD TOUR 2026,52.48461,13.3915
Berlin,2026-06-04,"Laughs, Pizza & Shots – English Comedy Night in the Heart of Berlin!",52.53041,13.4102
Berlin,2026-06-04,Tagesspiegel Checkpoint: Die Berlin Revue,52.50738,13.37218
Berlin,2026-06-04,Cirque du Soleil ALIZÉ,52.5076,13.37386
Berlin,2026-06-04,SPECTRUM CONCERTS BERLIN,52.51007,13.36896
Berlin,2026-06-04,KAYTRANADA - EUROPE ´26 TOUR | Box seat,52.50573,13.44314
Berlin,2026-06-04,KAYTRANADA - EUROPE ´26 TOUR | Premium Seat,52.50573,13.44314
Berlin,2026-06-04,KAYTRANADA - EUROPE ´26 TOUR,52.50573,13.44314
Berlin,2026-06-04,KAYTRANADA - EUROPE ´26 TOUR | All-In Package,52.50573,13.44314
Berlin,2026-06-05,Cirque du Soleil ALIZÉ,52.5076,13.37386
Berlin,2026-06-05,"Laughs, Pizza & Shots – English Comedy Night in the Heart of Berlin!",52.53041,13.4102
Berlin,2026-06-05,Zucchero | Logen-Seat in der Ticketmaster Suite,52.50573,13.44314
Berlin,2026-06-06,Cirque du Soleil ALIZÉ,52.5076,13.37386
Berlin,2026-06-06,PladeLu-Festival 2026,52.48461,13.3914
Berlin,2026-06-06,"Laughs, Pizza & Shots – English Comedy Night in the Heart of Berlin!",52.53041,13.4102
Berlin,2026-06-06,2charm,52.49927,13.4205
Berlin,2026-06-06,Frank Sinatra Dinner Show,52.50482,13.33901
Berlin,2026-06-06,TUTTY TRAN | Box-Seat in the Ticketmaster Suite,52.50573,13.44314
Berlin,2026-06-06,An Evening With THEO KATZMAN,52.47697,13.43919
Berlin,2026-06-07,Cirque du Soleil ALIZÉ,52.5076,13.37386
Berlin,2026-06-09,As It Is - Ruin My Life In Europe,52.50833,13.45493
Berlin,2026-06-10,Cirque du Soleil ALIZÉ,52.5076,13.37386
Berlin,2026-06-10,ivri,52.50032,13.43648
Berlin,2026-06-11,Cirque du Soleil ALIZÉ,52.5076,13.37386
Berlin,2026-06-12,Cirque du Soleil ALIZÉ,52.5076,13.37386
Berlin,2026-06-12,Grace Ives - Girlfriend Tour,52.51098,13.44159
Berlin,2026-06-12,FKA twigs - Body High Tour,52.53117,13.45067
Berlin,2026-06-12,Joost Klein - World Tour,52.48461,13.3914
Berlin,2026-06-13,Cirque du Soleil ALIZÉ,52.5076,13.37386
Berlin,2026-06-13,Frank Sinatra Dinner Show,52.50482,13.33901
Berlin,2026-06-13,Helene Fischer - 360° Stadion Tour 2026,52.51452,13.24326
Berlin,2026-06-13,Helene Fischer - 360° Stadion Tour 2026 |  Business Seat Package,52.51452,13.24326
Berlin,2026-06-13,DJ Bobo | Box-Seat in the Ticketmaster Suite,52.50573,13.44314
Berlin,2026-06-14,Cirque du Soleil ALIZÉ,52.5076,13.37386
Berlin,2026-06-14,DJ Bobo | Box-Seat in the Ticketmaster Suite,52.50573,13.44314
Berlin,2026-06-15,Good Dye Young Presents: Hayley Williams At A Bachelorette Party,52.50152,13.38175
Berlin,2026-06-15,femtanyl - Man Bites Dog Tour,52.46438,13.43338
Berlin,2026-06-16,Chezile - Wish You Were Here EU/UK Tour,52.50032,13.43648
Berlin,2026-06-17,Cirque du Soleil ALIZÉ,52.5076,13.37386
Berlin,2026-06-17,Doja Cat - Tour Ma Vie World Tour | Premium Packages,52.50573,13.44314
Berlin,2026-06-17,Doja Cat - Tour Ma Vie World Tour | Box seat in the Ticketmaster Suite,52.50573,13.44314
Berlin,2026-06-17,Doja Cat - Tour Ma Vie World Tour,52.50573,13.44314
Berlin,2026-06-18,Kings of Leon,52.54005,13.21244
Berlin,2026-06-18,Cirque du Soleil ALIZÉ,52.5076,13.37386
Berlin,2026-06-18,Jimmy Carr | Box seat in the Ticketmaster Suite,52.50573,13.44314
Berlin,2026-06-18,Keli Holiday,52.53839,13.41299
Berlin,2026-06-19,Cirque du Soleil ALIZÉ,52.5076,13.37386
Berlin,2026-06-19,Lachkater Open Air Stand Up Comedy Show Luftschloss Tempelhofer Feld,52.4736,13.38774
Berlin,2026-06-19,fakemink - a Terrible Beauty . - The Tour,52.48684,13.42145
Berlin,2026-06-20,Cirque du Soleil ALIZÉ,52.5076,13.37386
Berlin,2026-06-20,Frank Sinatra Dinner Show,52.50482,13.33901
Berlin,2026-06-20,Kevin Bridges - Here If You Need Me,52.50738,13.37218
Berlin,2026-06-21,Cirque du Soleil ALIZÉ,52.5076,13.37386
Berlin,2026-06-23,Guns N’ Roses - World Tour 2026,52.50573,13.44314
Berlin,2026-06-24,Cirque du Soleil ALIZÉ,52.5076,13.37386
Berlin,2026-06-25,Cirque du Soleil ALIZÉ,52.5076,13.37386
Berlin,2026-06-25,Guns N’ Roses - World Tour 2026 | Box seat,52.50573,13.44314
Berlin,2026-06-25,Guns N’ Roses - World Tour 2026,52.50573,13.44314
Berlin,2026-06-26,Cirque du Soleil ALIZÉ,52.5076,13.37386
Berlin,2026-06-26,Bruno Mars – The Romantic Tour | Suites,52.51452,13.24326
Berlin,2026-06-26,Bruno Mars – The Romantic Tour,52.51452,13.24326
Berlin,2026-06-27,Bottoms Up Brunch!,52.55328,13.35965
Berlin,2026-06-27,Cirque du Soleil ALIZÉ,52.5076,13.37386
Berlin,2026-06-27,Frank Sinatra Dinner Show,52.50482,13.33901
Berlin,2026-06-27,Lexa Gates	 - I Am 2026 Tour,52.4959,13.38858
Berlin,2026-06-27,MEUTE Open Air,52.40344,13.07353
Berlin,2026-06-27,Omar76 - Tour 2026 - Tour 2026 | Premium Upgrade (no Ticket included),52.46438,13.43338
Berlin,2026-06-28,Cirque du Soleil ALIZÉ,52.5076,13.37386
Berlin,2026-06-28,Bruno Mars – The Romantic Tour,52.51452,13.24326
Berlin,2026-06-28,Bruno Mars – The Romantic Tour | Suites,52.51452,13.24326
Berlin,2026-06-29,Bruno Mars – The Romantic Tour | Suites,52.51452,13.24326
Berlin,2026-06-29,Bruno Mars – The Romantic Tour,52.51452,13.24326
Berlin,2026-06-29,Honey Slam BERLIN – Poetryslam ohne traurige Texte!,52.53198,13.41407
Berlin,2026-07-01,Cirque du Soleil ALIZÉ,52.5076,13.37386
Berlin,2026-07-02,Cirque du Soleil ALIZÉ,52.5076,13.37386
Berlin,2026-07-03,Cirque du Soleil ALIZÉ,52.5076,13.37386
Berlin,2026-07-04,Cirque du Soleil ALIZÉ,52.5076,13.37386
Berlin,2026-07-04,Ali Wong - Ali Wong Live,52.50152,13.38175
Berlin,2026-07-04,Frank Sinatra Dinner Show,52.50482,13.33901
Berlin,2026-07-05,Cirque du Soleil ALIZÉ,52.5076,13.37386
Berlin,2026-07-05,DIKKA - BOAH IST DAS KRASS TOUR 2 | Box seat,52.50573,13.44314
Berlin,2026-07-06,Critical Role: Echoes of Exandria - Live! 2026 | Logen-Seat,52.50573,13.44314
Berlin,2026-07-07,Dua Saleh - Of Earth & Wires Tour,52.4959,13.38858
Berlin,2026-07-08,System Of A Down | Business Seat Packages,52.51452,13.24326
Berlin,2026-07-08,System Of A Down,52.51452,13.24326
Berlin,2026-07-08,Cirque du Soleil ALIZÉ,52.5076,13.37386
Berlin,2026-07-08,Robyn | Box seat in the Ticketmaster Suite,52.50573,13.44314
Berlin,2026-07-09,Mumford & Sons - Prizefighter Tour,52.51318,13.22987
Berlin,2026-07-09,Cirque du Soleil ALIZÉ,52.5076,13.37386
Berlin,2026-07-10,Cirque du Soleil ALIZÉ,52.5076,13.37386
Berlin,2026-07-10,Lachkater Open Air Stand Up Comedy Show Luftschloss Tempelhofer Feld,52.4736,13.38774
Berlin,2026-07-11,Cirque du Soleil ALIZÉ,52.5076,13.37386
Berlin,2026-07-11,Frank Sinatra Dinner Show,52.50482,13.33901
Berlin,2026-07-12,Cirque du Soleil ALIZÉ,52.5076,13.37386
Berlin,2026-07-12,David Garrett - Millennium Symphony Open Air Tour 2026 | VIP,52.51405,13.39221
Berlin,2026-07-12,David Garrett - Millennium Symphony Open Air Tour 2026,52.51405,13.39221
Berlin,2026-07-15,Cirque du Soleil ALIZÉ,52.5076,13.37386
Berlin,2026-07-16,Cirque du Soleil ALIZÉ,52.5076,13.37386
Berlin,2026-07-17,Cirque du Soleil ALIZÉ,52.5076,13.37386
Berlin,2026-07-18,Lollapalooza Berlin 2026 presented by essence,52.51452,13.24326
Berlin,2026-07-18,Lollapalooza Berlin 2026 presented by essence I Samstag,52.51452,13.24326
Berlin,2026-07-18,Cirque du Soleil ALIZÉ,52.5076,13.37386
Berlin,2026-07-18,Frank Sinatra Dinner Show,52.50482,13.33901
Berlin,2026-07-19,Lollapalooza Berlin 2026 presented by essence I Sonntag,52.51452,13.24326
Berlin,2026-07-19,Cirque du Soleil ALIZÉ,52.5076,13.37386
Berlin,2026-07-22,Cirque du Soleil ALIZÉ,52.5076,13.37386
Berlin,2026-07-23,Cirque du Soleil ALIZÉ,52.5076,13.37386
Berlin,2026-07-24,Cirque du Soleil ALIZÉ,52.5076,13.37386
Berlin,2026-07-24,Pabllo Vittar presents: Club Vittar,52.48684,13.42145
Berlin,2026-07-25,Bottoms Up Brunch! (CSD SPECIAL),52.55328,13.35965
Berlin,2026-07-25,Cirque du Soleil ALIZÉ,52.5076,13.37386
Berlin,2026-07-25,Frank Sinatra Dinner Show,52.50482,13.33901
Berlin,2026-07-26,Cirque du Soleil ALIZÉ,52.5076,13.37386
Berlin,2026-07-26,Lachkater Open Air Stand Up Comedy Show Luftschloss Tempelhofer Feld,52.4736,13.38774
Berlin,2026-07-27,Lenny Kravitz | Box seat in the Ticketmaster Suite,52.50573,13.44314
Berlin,2026-07-29,Cirque du Soleil ALIZÉ,52.5076,13.37386
Berlin,2026-07-30,Cirque du Soleil ALIZÉ,52.5076,13.37386
Berlin,2026-07-31,Cirque du Soleil ALIZÉ,52.5076,13.37386
Berlin,2026-07-31,20 Jahre Alligatoah – Einmaliges Jubiläumskonzert,52.46362,13.53411
Berlin,2026-08-01,Cirque du Soleil ALIZÉ,52.5076,13.37386
Berlin,2026-08-01,Frank Sinatra Dinner Show,52.50482,13.33901
Berlin,2026-08-01,SOPHIA – „Durch die Blume Open Air 2026“,52.40344,13.07353
Berlin,2026-08-01,20 Jahre Alligatoah – Einmaliges Zusatzjubiläumskonzert,52.46362,13.53411
Berlin,2026-08-02,Cirque du Soleil ALIZÉ,52.5076,13.37386
Berlin,2026-08-06,Cirque du Soleil ALIZÉ,52.5076,13.37386
Berlin,2026-08-07,Cirque du Soleil ALIZÉ,52.5076,13.37386
Berlin,2026-08-08,MAGMA 2026 | 08.08.2026 DAY 1 TICKET,52.46054,13.50445
Berlin,2026-08-08,Cirque du Soleil ALIZÉ,52.5076,13.37386
Berlin,2026-08-08,Berlin Metalcore on the Beach,52.48512,13.45733
Berlin,2026-08-08,Frank Sinatra Dinner Show,52.50482,13.33901
Berlin,2026-08-09,MAGMA 2026 | 09.08.2026 DAY 2 TICKET,52.46054,13.50445
Berlin,2026-08-09,Cirque du Soleil ALIZÉ,52.5076,13.37386
Berlin,2026-08-09,Lachkater Open Air Stand Up Comedy Show Luftschloss Tempelhofer Feld,52.4736,13.38774
Berlin,2026-08-09,MAGMA 2026 | 08.+09.08.2026 WEEKEND TICKET,52.46054,13.50445
Berlin,2026-08-13,Cirque du Soleil ALIZÉ,52.5076,13.37386
Berlin,2026-08-14,Cirque du Soleil ALIZÉ,52.5076,13.37386
Berlin,2026-08-14,Lachkater Open Air Stand Up Comedy Show Luftschloss Tempelhofer Feld,52.4736,13.38774
Berlin,2026-08-15,Cirque du Soleil ALIZÉ,52.5076,13.37386
Berlin,2026-08-15,Frank Sinatra Dinner Show,52.50482,13.33901
Berlin,2026-08-16,Cirque du Soleil ALIZÉ,52.5076,13.37386
Berlin,2026-08-19,OFF DAYS 2026: Blood Orange,52.54005,13.21244
Berlin,2026-08-20,Cirque du Soleil ALIZÉ,52.5076,13.37386
Berlin,2026-08-21,Cirque du Soleil ALIZÉ,52.5076,13.37386
Berlin,2026-08-22,Roland-Tour - Auf den Spuren von Roland Kaiser,52.52597,13.36805
Berlin,2026-08-22,BBQ MASTERS LifeStyle & Outdoor Messe / BBQ- und Grillmeisterschaft,52.33874,13.35146
Berlin,2026-08-22,Cirque du Soleil ALIZÉ,52.5076,13.37386
Berlin,2026-08-22,Frank Sinatra Dinner Show,52.50482,13.33901
Berlin,2026-08-23,Cirque du Soleil ALIZÉ,52.5076,13.37386
Berlin,2026-08-24,Hudson Freeman - EU/UK Tour 2026,52.50032,13.43648
Berlin,2026-08-27,Cirque du Soleil ALIZÉ,52.5076,13.37386
Berlin,2026-08-28,Cirque du Soleil ALIZÉ,52.5076,13.37386
Berlin,2026-08-28,Brews Cruise Vol. 1 – Opening Cruise 2026,52.5144,13.4159
Berlin,2026-08-29,Bottoms Up Brunch!,52.55328,13.35965
Berlin,2026-08-29,Brews Cruise Vol. 2 – One Continent. Many Cheers.,52.5144,13.4159
Berlin,2026-08-29,Cirque du Soleil ALIZÉ,52.5076,13.37386
Berlin,2026-08-29,Brews Cruise Vol. 3 – Across the Atlantic,52.5144,13.4159
Berlin,2026-08-29,Frank Sinatra Dinner Show,52.50482,13.33901
Berlin,2026-08-29,Lachkater Open Air Stand Up Comedy Show Luftschloss Tempelhofer Feld,52.4736,13.38774
Berlin,2026-08-29,JOJI: SOLARIS,52.53117,13.45067
Berlin,2026-08-30,Cirque du Soleil ALIZÉ,52.5076,13.37386
Berlin,2026-09-01,Baby Keem - The Ca$ino Tour,52.50152,13.38175
Berlin,2026-09-02,YEBBA - Jean Tour,52.48684,13.42145
Berlin,2026-09-03,Cirque du Soleil ALIZÉ,52.5076,13.37386
Berlin,2026-09-03,Dance Gavin Dance - Europe Tour 2026,52.48461,13.3915
Berlin,2026-09-04,Brews Cruise Vol. 4 – Deutsch: Tradition trifft Rebellion,52.5144,13.4159
Berlin,2026-09-04,Cirque du Soleil ALIZÉ,52.5076,13.37386
Berlin,2026-09-04,Lachkater Open Air Stand Up Comedy Show Luftschloss Tempelhofer Feld,52.4736,13.38774
Berlin,2026-09-05,Brews Cruise Vol. 5 – The Big Collab Cruise,52.5144,13.4159
Berlin,2026-09-05,Cirque du Soleil ALIZÉ,52.5076,13.37386
Berlin,2026-09-05,Brews Cruise Vol. 6 – One Last Ride: All Stars. All Beers. All Night.,52.5144,13.4159
Berlin,2026-09-05,Frank Sinatra Dinner Show,52.50482,13.33901
Berlin,2026-09-06,Cirque du Soleil ALIZÉ,52.5076,13.37386
Berlin,2026-09-06,Foy Vance - The Wake World Tour,52.47697,13.43919
Berlin,2026-09-06,Kalimba: Íntimo Tour Deluxe | Berlín,52.53818,13.41259
Berlin,2026-09-10,Cirque du Soleil ALIZÉ,52.5076,13.37386
Berlin,2026-09-10,Jacob Collier - The Light For Days Tour,52.52076,13.38837
Berlin,2026-09-11,Cirque du Soleil ALIZÉ,52.5076,13.37386
Berlin,2026-09-12,Depeche-Mode-Fantour Berlin: XXL-Special,52.52597,13.36805
Berlin,2026-09-12,Depeche-Mode-Fantour Berlin,52.52597,13.36805
Berlin,2026-09-12,Cirque du Soleil ALIZÉ,52.5076,13.37386
Berlin,2026-09-12,Frank Sinatra Dinner Show,52.50482,13.33901
Berlin,2026-09-12,Feng - Weekend Rockstar Tour,52.48461,13.3915
Berlin,2026-09-12,Ásgeir - EU Tour 2026,52.46438,13.43338
Berlin,2026-09-13,Cirque du Soleil ALIZÉ,52.5076,13.37386
Berlin,2026-09-13,Friendly Fire - LIVE 2026,52.50152,13.38175
Berlin,2026-09-14,RAWAYANA - ¿Dónde Es El After? World Tour,52.48461,13.3914
Berlin,2026-09-15,Drug Church,52.53818,13.41259
Berlin,2026-09-15,Apache 207 | Box seat in the Ticketmaster Suite,52.50573,13.44314
Berlin,2026-09-16,Apache 207 | Box seat in the Ticketmaster Suite,52.50573,13.44314
Berlin,2026-09-17,Cirque du Soleil ALIZÉ,52.5076,13.37386
Berlin,2026-09-17,WITCHZ presents ENTER AFTERLIFE World Tour 2026,52.4959,13.38858
Berlin,2026-09-18,Cirque du Soleil ALIZÉ,52.5076,13.37386
Berlin,2026-09-19,Cirque du Soleil ALIZÉ,52.5076,13.37386
Berlin,2026-09-19,Pyro Games 2026 - Museumspark Rüdersdorf,52.47597,13.77817
Berlin,2026-09-19,Isabel van Gelder - EU & UK TOUR 2026,52.49918,13.44514
Berlin,2026-09-19,Frank Sinatra Dinner Show,52.50482,13.33901
Berlin,2026-09-19,Zackavelli - MASI 2 TOUR,52.50814,13.45181
Berlin,2026-09-19,TJARK - auch wenn’s uns morgen nicht mehr gibt Tour 2026,52.48684,13.42145
Berlin,2026-09-19,"ALL THE FEELINGS TOUR with METRIC, BROKEN SOCIAL SCENE, AND STARS",52.48461,13.3914
Berlin,2026-09-19,Ultra Night - Depeche Mode Party Berlin,52.50102,13.44136
Berlin,2026-09-20,Cirque du Soleil ALIZÉ,52.5076,13.37386
Berlin,2026-09-23,Thomas Green - Brainstorm,52.51986,13.32693
Berlin,2026-09-24,Cirque du Soleil ALIZÉ,52.5076,13.37386
Berlin,2026-09-25,Cirque du Soleil ALIZÉ,52.5076,13.37386
Berlin,2026-09-26,Bottoms Up Brunch!,52.55328,13.35965
Berlin,2026-09-26,Cirque du Soleil ALIZÉ,52.5076,13.37386
Berlin,2026-09-26,Frank Sinatra Dinner Show,52.50482,13.33901
Berlin,2026-09-27,Cirque du Soleil ALIZÉ,52.5076,13.37386
Berlin,2026-09-27,Allie Sherlock - For Once I'll Say It Out loud Tour,52.46438,13.43338
Berlin,2026-09-28,Honey Slam BERLIN – Poetryslam ohne traurige Texte!,52.53198,13.41407
Berlin,2026-09-28,A$AP Rocky - Don't Be Dumb World Tour | Box seat,52.50573,13.44314
Berlin,2026-09-28,A$AP Rocky - Don't Be Dumb World Tour,52.50573,13.44314
Berlin,2026-09-28,A$AP Rocky - Don't Be Dumb World Tour | Premium Seat,52.50573,13.44314
Berlin,2026-09-28,A$AP Rocky - Don't Be Dumb World Tour | All-In Package,52.50573,13.44314
Berlin,2026-09-30,SPECTRUM CONCERTS BERLIN,52.51007,13.36896
Rome,2026-06-12,Grupo 5,41.840412,12.466006
Rome,2026-06-17,Kneecap - Fenian Tour | Roma Summer Fest 2026,41.929227,12.474914
Rome,2026-06-27,Laura Y Brenda: Amigas del Corazón World Tour | Roma Summer Fest,41.929227,12.474914
Rome,2026-07-07,Mumford & Sons,41.816553,12.569694
Rome,2026-07-10,Bresh | Roma Summer Fest 2026,41.929227,12.474914
Rome,2026-07-17,Johnny Marr | Roma Summer Fest ,41.929227,12.474914
Rome,2026-07-19,Frah Quintale - Summer Tour '26,41.929227,12.474914
Rome,2026-07-29,Capo Plaza - Summer Tour | Roma Summer Fest 2026,41.929227,12.474914
Rome,2026-08-31,WILCO - A Tour With Wilco | Roma Summer Fest 2026,41.929227,12.474914
Rome,2026-09-02,Hermanos Gutiérrez,41.929227,12.474914
Barcelona,2026-06-02,Antarctica Experience,41.37637,2.14931
Barcelona,2026-06-03,Antarctica Experience,41.37637,2.14931
Barcelona,2026-06-04,Antarctica Experience,41.37637,2.14931
Barcelona,2026-06-05,Antarctica Experience,41.37637,2.14931
Barcelona,2026-06-06,Antarctica Experience,41.37637,2.14931
Barcelona,2026-06-07,Antarctica Experience,41.37637,2.14931
Barcelona,2026-06-08,Sasha Velour - Travesty,41.3751,2.16973
Barcelona,2026-06-09,Antarctica Experience,41.37637,2.14931
Barcelona,2026-06-10,Antarctica Experience,41.37637,2.14931
Barcelona,2026-06-11,Antarctica Experience,41.37637,2.14931
Barcelona,2026-06-12,Antarctica Experience,41.37637,2.14931
Barcelona,2026-06-13,Antarctica Experience,41.37637,2.14931
Barcelona,2026-06-14,Antarctica Experience,41.37637,2.14931
Barcelona,2026-06-16,Antarctica Experience,41.37637,2.14931
Barcelona,2026-06-17,Antarctica Experience,41.37637,2.14931
Barcelona,2026-06-18,Antarctica Experience,41.37637,2.14931
Barcelona,2026-06-19,Antarctica Experience,41.37637,2.14931
Barcelona,2026-06-20,Antarctica Experience,41.37637,2.14931
Barcelona,2026-06-21,Antarctica Experience,41.37637,2.14931
Barcelona,2026-06-23,Antarctica Experience,41.37637,2.14931
Barcelona,2026-06-24,Antarctica Experience,41.37637,2.14931
Barcelona,2026-06-25,Antarctica Experience,41.37637,2.14931
Barcelona,2026-06-26,Antarctica Experience,41.37637,2.14931
Barcelona,2026-06-26,Culture Wars - 2026 World Tour,41.39701,2.19147
Barcelona,2026-06-27,Antarctica Experience,41.37637,2.14931
Barcelona,2026-06-28,Antarctica Experience,41.37637,2.14931
Barcelona,2026-06-30,Antarctica Experience,41.37637,2.14931
Barcelona,2026-07-01,Antarctica Experience,41.37637,2.14931
Barcelona,2026-07-02,Antarctica Experience,41.37637,2.14931
Barcelona,2026-07-03,Antarctica Experience,41.37637,2.14931
Barcelona,2026-07-04,Antarctica Experience,41.37637,2.14931
Barcelona,2026-07-04,Vida Festival 2026,41.24155,1.71645
Barcelona,2026-07-05,Antarctica Experience,41.37637,2.14931
Barcelona,2026-07-07,Antarctica Experience,41.37637,2.14931
Barcelona,2026-07-08,Antarctica Experience,41.37637,2.14931
Barcelona,2026-07-09,Antarctica Experience,41.37637,2.14931
Barcelona,2026-07-10,Antarctica Experience,41.37637,2.14931
Barcelona,2026-07-10,La Reina del Flow,41.23786,1.72469
Barcelona,2026-07-11,Antarctica Experience,41.37637,2.14931
Barcelona,2026-07-12,Antarctica Experience,41.37637,2.14931
Barcelona,2026-07-14,Antarctica Experience,41.37637,2.14931
Barcelona,2026-07-15,Antarctica Experience,41.37637,2.14931
Barcelona,2026-07-16,Antarctica Experience,41.37637,2.14931
Barcelona,2026-07-17,Antarctica Experience,41.37637,2.14931
Barcelona,2026-07-18,Antarctica Experience,41.37637,2.14931
Barcelona,2026-07-19,Antarctica Experience,41.37637,2.14931
Barcelona,2026-07-21,Antarctica Experience,41.37637,2.14931
Barcelona,2026-07-22,Antarctica Experience,41.37637,2.14931
Barcelona,2026-07-23,Antarctica Experience,41.37637,2.14931
Barcelona,2026-07-24,Antarctica Experience,41.37637,2.14931
Barcelona,2026-07-24,Eva Ayllon,41.39772,2.19111
Barcelona,2026-07-25,Antarctica Experience,41.37637,2.14931
Barcelona,2026-07-26,Antarctica Experience,41.37637,2.14931
Barcelona,2026-07-28,Antarctica Experience,41.37637,2.14931
Barcelona,2026-07-29,Antarctica Experience,41.37637,2.14931
Barcelona,2026-07-30,Antarctica Experience,41.37637,2.14931
Barcelona,2026-07-31,Antarctica Experience,41.37637,2.14931
Barcelona,2026-08-01,ALL ACCESS PASS + BUS (2nd RELEASE) - CIRCUIT FESTIVAL,41.38506,2.1734
Barcelona,2026-08-01,ALL ACCESS PASS (2nd RELEASE) - CIRCUIT FESTIVAL,41.38506,2.1734
Barcelona,2026-08-04,WATER PARK DAY&NIGHT - RELEASE 2,41.50353,2.36322
Barcelona,2026-08-04,WATER PARK DAY - RELEASE 2,41.50353,2.36322
Barcelona,2026-08-04,WATER PARK DAY - EARLY ENTRANCE (Entry valid until 12:00p.m),41.50353,2.36322
Barcelona,2026-08-04,Water Park Night,41.50353,2.36322
Barcelona,2026-08-09,CIRCUIT BUS WRISTBAND,41.38812,2.18602
Barcelona,2026-08-30,Hermanos Gutierrez,41.3802,2.17111
Barcelona,2026-08-30,COSQUÍN ROCK ESPAÑA 2026,41.40892,2.19546
Barcelona,2026-08-31,Hermanos Gutierrez,41.3802,2.17111
Barcelona,2026-09-01,The Weeknd: After Hours Til Dawn Tour | VIP Packages,41.36476,2.15565
Barcelona,2026-09-01,The Weeknd: After Hours Til Dawn Tour,41.36476,2.15565
Barcelona,2026-09-07,The Living Tombstone: The Multiplayer Tour,41.39772,2.19111
Barcelona,2026-09-07,The Living Tombstone: The Multiplayer Tour | VIP Packages,41.39772,2.19111
Barcelona,2026-09-10,CA7RIEL & Paco Amoroso - FREE SPIRITS WORLD TOUR,41.36337,2.15259
Barcelona,2026-09-18,"Kitty, Daisy & Lewis - Spain 2026",41.37441,2.16953
Barcelona,2026-09-18,Actors,41.39589,2.18859
Amsterdam,2026-06-01,The Young Analogues,52.36483,4.88127
Amsterdam,2026-06-01,KAYTRANADA - EUROPE '26 TOUR,52.31395,4.93837
Amsterdam,2026-06-01,An Evening with PinkPantheress,52.31236,4.94415
Amsterdam,2026-06-01,PinkPantheress | Comfort Seats,52.31236,4.94415
Amsterdam,2026-06-01,Kaytranada | Vinyl Room Package,52.31778,4.93636
Amsterdam,2026-06-01,Kaytranada | Comfort Seats,52.31778,4.93636
Amsterdam,2026-06-01,Kaytranada | Vinyl Room Upgrade (concert ticket not included),52.31395,4.93837
Amsterdam,2026-06-01,Parking permit PinkPantheress,52.31345,4.93719
Amsterdam,2026-06-01,Parking permit KAYTRANADA,52.31345,4.93719
Amsterdam,2026-06-02,Bilmuri,52.36483,4.88127
Amsterdam,2026-06-03,Lalalar,52.36483,4.88127
Amsterdam,2026-06-04,"Harry Styles: Together, Together",52.31373,4.9405
Amsterdam,2026-06-04,"Harry Styles: Together, Together | VIP Packages",52.31373,4.9405
Amsterdam,2026-06-04,Magic Men: World Tour 2026,52.31236,4.94415
Amsterdam,2026-06-04,Bernd van den Bos Speelt Freddy Mercury,52.41123,4.608
Amsterdam,2026-06-04,Parking permit Magic Men,52.31345,4.93719
Amsterdam,2026-06-04,Parking permit Harry Styles,52.31345,4.93719
Amsterdam,2026-06-05,Rootsriders feat. Mo Ali,52.36483,4.88127
Amsterdam,2026-06-05,"Harry Styles: Together, Together",52.31373,4.9405
Amsterdam,2026-06-05,"Harry Styles: Together, Together | VIP Packages",52.31373,4.9405
Amsterdam,2026-06-05,Roel,52.36483,4.88127
Amsterdam,2026-06-05,Bernd van den Bos Speelt Freddy Mercury,52.41123,4.608
Amsterdam,2026-06-05,Ascension presents Svdden Death,52.36483,4.88127
Amsterdam,2026-06-05,Parking permit Harry Styles,52.31345,4.93719
Amsterdam,2026-06-06,Hollands Live Aan De Klink 2026,52.20176,4.48619
Amsterdam,2026-06-06,Heiligenberg Rewind 2026,52.63871,4.80377
Amsterdam,2026-06-06,FKA twigs: BODY HIGH TOUR | VIP Packages,52.31395,4.93837
Amsterdam,2026-06-06,FKA twigs: BODY HIGH TOUR,52.31395,4.93837
Amsterdam,2026-06-06,FKA twigs: BODY HIGH TOUR | Comfort Seats,52.31778,4.93636
Amsterdam,2026-06-06,Racoon,52.41123,4.608
Amsterdam,2026-06-06,BIXARIA,52.36483,4.88127
Amsterdam,2026-06-06,Blendsworld,52.36483,4.88127
Amsterdam,2026-06-06,Parking permit FKA Twigs,52.31345,4.93719
Amsterdam,2026-06-07,Big Band Marathon,52.41123,4.608
Amsterdam,2026-06-08,letlive.,52.36483,4.88127
Amsterdam,2026-06-09,Banksy Museum Amsterdam Spring,52.38467,4.8643
Amsterdam,2026-06-09,Don Broco,52.36483,4.88127
Amsterdam,2026-06-09,David Linszen: Striptease van de Dood,52.41123,4.608
Amsterdam,2026-06-10,YONAKA,52.36483,4.88127
Amsterdam,2026-06-10,The Story So Far,52.36483,4.88127
Amsterdam,2026-06-10,Iron Maiden - Run For Your Live World Tour 2026 | Vinyl Room Package,52.31778,4.93636
Amsterdam,2026-06-10,Iron Maiden - Run For Your Live World Tour 2026,52.31395,4.93837
Amsterdam,2026-06-10,Iron Maiden | Vinyl Room Upgrade (excluding concert ticket),52.31395,4.93837
Amsterdam,2026-06-10,Parking permit Iron Maiden,52.31345,4.93719
Amsterdam,2026-06-11,Sindhu Vee - Swanky,52.37282,4.87902
Amsterdam,2026-06-11,Lisa Ostermann: De Baas,52.41123,4.608
Amsterdam,2026-06-12,The Girl Who Leapt Through Time (2006),52.36483,4.88127
Amsterdam,2026-06-12,Sindhu Vee - Swanky,52.37282,4.87902
Amsterdam,2026-06-12,Doja Cat - Tour Ma Vie World Tour | Vinyl Room Package,52.31778,4.93636
Amsterdam,2026-06-12,Doja Cat - Tour Ma Vie World Tour,52.31395,4.93837
Amsterdam,2026-06-12,Doja Cat - Tour Ma Vie World Tour - VIP Packages,52.31395,4.93837
Amsterdam,2026-06-12,Doja Cat | Comfort Seats,52.31778,4.93636
Amsterdam,2026-06-12,Doja Cat | Vinyl Room Upgrade (concert ticket not included),52.31395,4.93837
Amsterdam,2026-06-12,Raving Charlie,52.36483,4.88127
Amsterdam,2026-06-12,Parking permit Doja Cat,52.31345,4.93719
Amsterdam,2026-06-13,André Hazes,52.41123,4.608
Amsterdam,2026-06-13,Billy Talent,52.36483,4.88127
Amsterdam,2026-06-13,Het Zwanenmeer - ballet en orkest,52.34122,4.88991
Amsterdam,2026-06-13,Zer00's Heroes,52.36483,4.88127
Amsterdam,2026-06-14,"Maxim Heijmerink: Geen Paniek, Gewoon Klassiek",52.41123,4.608
Amsterdam,2026-06-14,Het Zwanenmeer - ballet en orkest,52.34122,4.88991
Amsterdam,2026-06-14,Olivia Dean: The Art Of Loving Live | Sweet Things VIP Package,52.31395,4.93837
Amsterdam,2026-06-14,Olivia Dean: The Art Of Loving Live,52.31395,4.93837
Amsterdam,2026-06-14,Parking permit Olivia Dean,52.31345,4.93719
Amsterdam,2026-06-15,Don West,52.36483,4.88127
Amsterdam,2026-06-17,Cypress Hill,52.31236,4.94415
Amsterdam,2026-06-17,Cypress Hill | Comfort Seats,52.31236,4.94415
Amsterdam,2026-06-17,Veldhuis & Kemper Kunnen het niet laten,52.41123,4.608
Amsterdam,2026-06-17,Parking permit Cypress Hill,52.31345,4.93719
Amsterdam,2026-06-18,Banksy Museum Amsterdam Spring,52.38467,4.8643
Amsterdam,2026-06-18,Ke Personajes,52.36483,4.88127
Amsterdam,2026-06-18,Celine Cairo,52.36483,4.88127
Amsterdam,2026-06-18,Guns N' Roses - World Tour 2026 | VIP Packages,52.31395,4.93837
Amsterdam,2026-06-18,Guns N' Roses - World Tour 2026,52.31395,4.93837
Amsterdam,2026-06-18,Guns N' Roses | Vinyl Room Upgrade (excluding concert ticket),52.31395,4.93837
Amsterdam,2026-06-18,Veldhuis & Kemper Kunnen het niet laten,52.41123,4.608
Amsterdam,2026-06-18,Parking permit Guns N' Roses,52.31345,4.93719
Amsterdam,2026-06-19,Banksy Museum Amsterdam Spring,52.38467,4.8643
Amsterdam,2026-06-19,80's Verantwoord,52.36483,4.88127
Amsterdam,2026-06-19,Phantogram,52.36483,4.88127
Amsterdam,2026-06-19,Veldhuis & Kemper Kunnen het niet laten,52.41123,4.608
Amsterdam,2026-06-19,1984 Night at the Arcade,52.36483,4.88127
Amsterdam,2026-06-20,Banksy Museum Amsterdam Spring,52.38467,4.8643
Amsterdam,2026-06-20,Froukje,52.41123,4.608
Amsterdam,2026-06-20,Jodeci live in concert,52.31236,4.94415
Amsterdam,2026-06-20,Guns N' Roses - World Tour 2026,52.31395,4.93837
Amsterdam,2026-06-20,Guns N' Roses - World Tour 2026 | VIP Packages,52.31395,4.93837
Amsterdam,2026-06-20,Jodeci | Comfort Seats,52.31236,4.94415
Amsterdam,2026-06-20,Guns N' Roses | Vinyl Room Upgrade (excluding concert ticket),52.31395,4.93837
Amsterdam,2026-06-20,Parking permit Guns N' Roses,52.31345,4.93719
Amsterdam,2026-06-21,De Boomhut van 13 verdiepingen,52.41123,4.608
Amsterdam,2026-06-21,Banksy Museum Amsterdam Spring,52.38467,4.8643
Amsterdam,2026-06-21,Bloodywood,52.36483,4.88127
Amsterdam,2026-06-21,Baco Exu do Blues,52.36483,4.88127
Amsterdam,2026-06-22,Kublai Khan TX,52.36483,4.88127
Amsterdam,2026-06-22,Molotov / Mala Rodríguez,52.36483,4.88127
Amsterdam,2026-06-23,Touché Amoré,52.36483,4.88127
Amsterdam,2026-06-23,Finalistentour Leids Cabaret Festival,52.41123,4.608
Amsterdam,2026-06-24,Camilo,52.36483,4.88127
Amsterdam,2026-06-24,A Perfect Circle | VIP Packages,52.31236,4.94415
Amsterdam,2026-06-24,A Perfect Circle,52.31236,4.94415
Amsterdam,2026-06-24,A Perfect Circle  | Comfort Seats,52.31236,4.94415
Amsterdam,2026-06-24,Finalistentour Leids Cabaret Festival,52.41123,4.608
Amsterdam,2026-06-24,Parking permit A Perfect Circle,52.31345,4.93719
Amsterdam,2026-06-26,Lexa Gates,52.36483,4.88127
Amsterdam,2026-06-26,Hans Teeuwen – De Laffe Verlosser,52.31236,4.94415
Amsterdam,2026-06-26,Parking permit Hans Teeuwen,52.31345,4.93719
Amsterdam,2026-06-27,Son Mieux,52.41123,4.608
Amsterdam,2026-06-27,Hans Teeuwen – De Laffe Verlosser,52.31236,4.94415
Amsterdam,2026-06-27,Parking permit Hans Teeuwen,52.31345,4.93719
Amsterdam,2026-06-28,Stef Bos: Ik Zing,52.41123,4.608
Amsterdam,2026-06-28,JOSH JOHNSON’S COMEDY BAND CAMP,52.39708,4.87789
Amsterdam,2026-06-28,JOSH JOHNSON’S COMEDY BAND CAMP | VIP Package,52.39708,4.87789
Amsterdam,2026-06-29,Banksy Museum Amsterdam Spring,52.38467,4.8643
Amsterdam,2026-06-29,JOSH JOHNSON’S COMEDY BAND CAMP | VIP Package,52.39708,4.87789
Amsterdam,2026-06-29,JOSH JOHNSON’S COMEDY BAND CAMP,52.39708,4.87789
Amsterdam,2026-06-30,Helene Fischer - 360 stadion tour | VIP Packages,52.31373,4.9405
Amsterdam,2026-06-30,Helene Fischer - 360 stadion tour,52.31373,4.9405
Amsterdam,2026-06-30,Ali Wong - Ali Wong Live,52.31236,4.94415
Amsterdam,2026-06-30,Ali Wong | Comfort Seats,52.31236,4.94415
Amsterdam,2026-06-30,Parking permit Helene Fischer,52.31345,4.93719
Amsterdam,2026-07-01,Pedro Sampaio,52.36483,4.88127
Amsterdam,2026-07-02,Bruno Mars – The Romantic Tour,52.31373,4.9405
Amsterdam,2026-07-02,"Huub Stapel: Mannen komen van Mars, vrouwen van Venus",52.41123,4.608
Amsterdam,2026-07-02,Parking permit Bruno Mars,52.31345,4.93719
Amsterdam,2026-07-03,Shirma Rouse: Soul in the Park - The Reggae Edition,52.41123,4.608
Amsterdam,2026-07-04,FLEMMING,52.41123,4.608
Amsterdam,2026-07-04,The Bridge City Sinners,52.36483,4.88127
Amsterdam,2026-07-04,Man in the Mirror,52.36437,4.88088
Amsterdam,2026-07-04,Bruno Mars – The Romantic Tour,52.31373,4.9405
Amsterdam,2026-07-04,Parking permit Bruno Mars,52.31345,4.93719
Amsterdam,2026-07-05,Mátyás Bittenbinder: Verhalen uit het dierenrijk,52.41123,4.608
Amsterdam,2026-07-05,Man in the Mirror,52.36437,4.88088
Amsterdam,2026-07-05,Che,52.36483,4.88127
Amsterdam,2026-07-05,Ludovico Einaudi,52.31395,4.93837
Amsterdam,2026-07-05,Bruno Mars – The Romantic Tour,52.31373,4.9405
Amsterdam,2026-07-05,Ludovico Einaudi | Vinyl Room Package,52.31778,4.93636
Amsterdam,2026-07-05,Ludovico Einaudi | Vinyl Room Upgrade (concert ticket not included),52.31395,4.93837
Amsterdam,2026-07-05,Parking permit Bruno Mars,52.31345,4.93719
Amsterdam,2026-07-06,Ludovico Einaudi,52.31395,4.93837
Amsterdam,2026-07-06,Ludovico Einaudi | Vinyl Room Package,52.31778,4.93636
Amsterdam,2026-07-06,Ludovico Einaudi | Comfort Seats,52.31778,4.93636
Amsterdam,2026-07-06,Ludovico Einaudi | Vinyl Room Upgrade (concert ticket not included),52.31395,4.93837
Amsterdam,2026-07-06,Parking permit Ludovico Einaudi,52.31345,4.93719
Amsterdam,2026-07-07,Bruno Mars – The Romantic Tour,52.31373,4.9405
Amsterdam,2026-07-07,Parking permit Madness,52.31345,4.93719
Amsterdam,2026-07-08,Breaking Benjamin,52.31236,4.94415
Amsterdam,2026-07-08,Breaking Benjamin | Comfort Seats,52.31236,4.94415
Amsterdam,2026-07-08,Breaking Benjamin | VIP Packages,52.31236,4.94415
Amsterdam,2026-07-10,The Castellows,52.36483,4.88127
Amsterdam,2026-07-10,FIVE - KEEP ON MOVIN TOUR | Soundcheck & Q&A Upgrade,52.31395,4.93837
Amsterdam,2026-07-10,Five - KEEP ON MOVIN TOUR,52.31395,4.93837
Amsterdam,2026-07-10,The Kik: Boudewijn de Grootste Hits,52.41123,4.608
Amsterdam,2026-07-10,Parkeerticket Five - KEEP ON MOVIN TOUR,52.31345,4.93719
Amsterdam,2026-07-11,Diggy Dex,52.41123,4.608
Amsterdam,2026-07-11,Luke Combs - My Kinda Saturday Night Tour,52.31373,4.9405
Amsterdam,2026-07-11,Biohazard,52.36483,4.88127
Amsterdam,2026-07-11,James Arthur - Royal Park Live,52.19722,5.27913
Amsterdam,2026-07-11,Loveball,52.39532,4.87483
Amsterdam,2026-07-11,Raving Charlie,52.36483,4.88127
Amsterdam,2026-07-11,Parking permit Luke Combs,52.31345,4.93719
Amsterdam,2026-07-12,Meneer Monster: Over een kleine mol,52.41123,4.608
Amsterdam,2026-07-13,Ilana Glazer Live!,52.35898,4.80739
Amsterdam,2026-07-13,Ralph Barbosa - THE RED 40 TOUR,52.37282,4.87902
Amsterdam,2026-07-15,MonoNeon,52.36483,4.88127
Amsterdam,2026-07-16,The Weeknd: After Hours Til Dawn Tour,52.31373,4.9405
Amsterdam,2026-07-16,The Weeknd: After Hours Til Dawn Tour | VIP Packages,52.31373,4.9405
Amsterdam,2026-07-16,Parking permit The Weeknd,52.31345,4.93719
Amsterdam,2026-07-17,The Weeknd: After Hours Til Dawn Tour | VIP Packages,52.31373,4.9405
Amsterdam,2026-07-17,The Weeknd: After Hours Til Dawn Tour,52.31373,4.9405
Amsterdam,2026-07-17,DUOSHOW: Micha & Isabel van Gelder,52.41123,4.608
Amsterdam,2026-07-17,Parking permit The Weeknd,52.31345,4.93719
Amsterdam,2026-07-18,The Weeknd: After Hours Til Dawn Tour | VIP Packages,52.31373,4.9405
Amsterdam,2026-07-18,The Weeknd: After Hours Til Dawn Tour,52.31373,4.9405
Amsterdam,2026-07-18,Parking permit The Weeknd,52.31345,4.93719
Amsterdam,2026-07-19,MEAU,52.41123,4.608
Amsterdam,2026-07-21,James Taylor | Comfort Seats,52.31236,4.94415
Amsterdam,2026-07-21,James Taylor - An Evening With James Taylor And His All-Star Band,52.31236,4.94415
Amsterdam,2026-07-21,Parking permit James Taylor,52.31345,4.93719
Amsterdam,2026-07-23,Matthijs van Nieuwkerk & Sven Hammond Bigband: Feelin' Alright,52.41123,4.608
Amsterdam,2026-07-24,Violet Chachki,52.36483,4.88127
Amsterdam,2026-07-24,Mell VF: 10 Years Strong,52.41123,4.608
Amsterdam,2026-07-25,Davina Michelle,52.41123,4.608
Amsterdam,2026-07-25,Pabllo Vittar,52.36483,4.88127
Amsterdam,2026-07-31,Mykki Blanco,52.36483,4.88127
Amsterdam,2026-07-31,Karsu,52.41123,4.608
Amsterdam,2026-08-01,Suzan & Freek,52.41123,4.608
Amsterdam,2026-08-01,Club MEIJT. The World Pride Amsterdam Edition,52.37672,4.89382
Amsterdam,2026-08-01,HEADRUSH X DAMAGE - AMSTERDAM WORLD PRIDE EDITION,52.39532,4.87483
Amsterdam,2026-08-02,WE ARE THEM,52.36483,4.88127
Amsterdam,2026-08-04,Jong Metropole,52.41123,4.608
Amsterdam,2026-08-07,Peaches,52.36483,4.88127
Amsterdam,2026-08-07,HEADRUSH X BEN MANSON - AMSTERDAM WORLD PRIDE EDITION,52.39532,4.87483
Amsterdam,2026-08-08,PowerHause x World Pride Edition,52.37672,4.89382
Amsterdam,2026-08-09,Walk On,52.41123,4.608
Amsterdam,2026-08-14,Frank Boeijen,52.41123,4.608
Amsterdam,2026-08-16,Hirondelles: Crêpe de la Bête,52.41123,4.608
Amsterdam,2026-08-20,Roxeanne Hazes,52.41123,4.608
Amsterdam,2026-08-21,Paco Peña: Flamenco in Concert,52.41123,4.608
Amsterdam,2026-08-21,Raving Charlie,52.36483,4.88127
Amsterdam,2026-08-22,3JS,52.41123,4.608
Amsterdam,2026-08-22,When Chai Met Toast,52.36483,4.88127
Amsterdam,2026-08-24,Kor Hoebe: Kordaat,52.41123,4.608
Amsterdam,2026-08-25,JOJI: SOLARIS | VIP Packages,52.31395,4.93837
Amsterdam,2026-08-25,JOJI: SOLARIS,52.31395,4.93837
Amsterdam,2026-08-25,Kor Hoebe: Kordaat,52.41123,4.608
Amsterdam,2026-08-27,A$AP Rocky - Don't Be Dumb World Tour |  VIP Packages,52.31395,4.93837
Amsterdam,2026-08-27,A$AP Rocky - Don't Be Dumb World Tour,52.31395,4.93837
Amsterdam,2026-08-27,A$AP Rocky | Vinyl Room Package,52.31778,4.93636
Amsterdam,2026-08-27,A$AP Rocky | Comfort Seats,52.31778,4.93636
Amsterdam,2026-08-27,A$AP Rocky | Vinyl Room Upgrade (concert ticket not included),52.31395,4.93837
Amsterdam,2026-08-27,DUOSHOW: Hiigo & Wies,52.41123,4.608
Amsterdam,2026-08-29,Ilse DeLange,52.41123,4.608
Amsterdam,2026-08-30,Het Filiaal: Heg 6+,52.41123,4.608
Amsterdam,2026-08-30,Dolf Jansen: Oudejaars 2026,52.41123,4.608
Amsterdam,2026-09-01,Dance Gavin Dance,52.36483,4.88127
Amsterdam,2026-09-02,Dit Was Het Nieuws,52.23783,5.17193
Amsterdam,2026-09-03,GZUZ,52.36483,4.88127
Amsterdam,2026-09-04,The Black Keys: PEACHES 'N KREAM | VIP Packages,52.31236,4.94415
Amsterdam,2026-09-04,The Black Keys: PEACHES 'N KREAM,52.31236,4.94415
Amsterdam,2026-09-04,The Black Keys | Comfort Seats,52.31236,4.94415
Amsterdam,2026-09-05,Douwe Bob,52.41123,4.608
Amsterdam,2026-09-05,OGENE,52.36483,4.88127
Amsterdam,2026-09-05,The Black Keys: PEACHES 'N KREAM,52.31236,4.94415
Amsterdam,2026-09-05,The Black Keys: PEACHES 'N KREAM | VIP Packages,52.31236,4.94415
Amsterdam,2026-09-05,The Black Keys | Comfort Seats,52.31236,4.94415
Amsterdam,2026-09-05,Claude,52.41123,4.608
Amsterdam,2026-09-06,Flexibeler als het ware 4+,52.41123,4.608
Amsterdam,2026-09-06,Bailey Zimmerman,52.36483,4.88127
Amsterdam,2026-09-06,Kumar Sanu & Anuradha Paudwal | Comfort Seats,52.31236,4.94415
Amsterdam,2026-09-08,WITCHZ,52.36483,4.88127
Amsterdam,2026-09-08,Baby Keem - The Ca$ino Tour,52.31236,4.94415
Amsterdam,2026-09-08,Baby Keem | Comfort Seats,52.31236,4.94415
Amsterdam,2026-09-08,Parking permit Baby Keem,52.31345,4.93719
Amsterdam,2026-09-09,Dit Was Het Nieuws,52.23783,5.17193
Amsterdam,2026-09-09,Yentl en de Boer,52.41123,4.608
Amsterdam,2026-09-10,The Waterboys - Fisherman’s Blues Revue featuring Steve Earle,52.31236,4.94415
Amsterdam,2026-09-10,The Waterboys | Comfort Seats,52.31236,4.94415
Amsterdam,2026-09-10,Yentl en de Boer,52.41123,4.608
Amsterdam,2026-09-12,RONDÉ,52.41123,4.608
Amsterdam,2026-09-12,Geef Mij Maar Amsterdam | Comfort Seats,52.31236,4.94415
Amsterdam,2026-09-12,Geef Mij Maar Amsterdam,52.31236,4.94415
Amsterdam,2026-09-12,Snelle,52.41123,4.608
Amsterdam,2026-09-13,Maestro Morricone: Matangi Quartet & Carel Kraayenhof,52.41123,4.608
Amsterdam,2026-09-15,Derek Ogilvie - Up Close and Personal,52.78561,4.79652
Amsterdam,2026-09-15,Jacob Collier - The Light For Days Tour,52.36237,4.90388
Amsterdam,2026-09-16,Derek Ogilvie - Up Close and Personal,52.16726,4.48521
Amsterdam,2026-09-16,Dit Was Het Nieuws,52.23783,5.17193
Amsterdam,2026-09-17,Os Garotin,52.36483,4.88127
Amsterdam,2026-09-17,"ALL THE FEELINGS TOUR with METRIC, BROKEN SOCIAL SCENE, AND STARS",52.09213,5.11285
Amsterdam,2026-09-17,Aaf Brandt Corstius & Lies Visschedijk: Over de Liefde,52.41123,4.608
Amsterdam,2026-09-18,RAWAYANA,52.36483,4.88127
Amsterdam,2026-09-18,Nnelg,52.36483,4.88127
Amsterdam,2026-09-18,Trijntje & JOC: Celebrating Stevie Wonder,52.41123,4.608
Amsterdam,2026-09-18,Old but Gold Hip Hop Party w/ Mario Winans (USA) @ IJland on 2 Floors,52.41109,4.87717
Amsterdam,2026-09-19,Derek Ogilvie - Up Close and Personal,52.12034,5.03945
Amsterdam,2026-09-19,Curated by Break,52.36483,4.88127
Amsterdam,2026-09-20,Kanan Gill,52.36437,4.88088
Amsterdam,2026-09-20,Guido,52.41123,4.608
Amsterdam,2026-09-23,Vanessa Paradis,52.36483,4.88127
Amsterdam,2026-09-23,My Hero Academia | Comfort Seats,52.31236,4.94415
Amsterdam,2026-09-23,My Hero Academia in Concert,52.31236,4.94415
Amsterdam,2026-09-23,Dit Was Het Nieuws,52.23783,5.17193
Amsterdam,2026-09-24,Poets Of The Fall,52.36483,4.88127
Amsterdam,2026-09-25,Derek Ogilvie - Up Close and Personal,52.13782,5.35717
Amsterdam,2026-09-25,Dylan Moran - Looking For Trouble,52.35898,4.80739
Amsterdam,2026-09-25,Chef'Special: Openluchttheater 2026,52.41123,4.608
Amsterdam,2026-09-26,Chef'Special: Openluchttheater 2026,52.41123,4.608
Amsterdam,2026-09-26,Polyphonic,52.36483,4.88127
Amsterdam,2026-09-27,Derek Ogilvie - Up Close and Personal,52.36934,4.64763
Amsterdam,2026-09-27,The Pussycat Dolls: PCD FOREVER TOUR,52.31395,4.93837
Amsterdam,2026-09-29,Anastacia | Comfort Seats,52.31236,4.94415
Amsterdam,2026-09-29,ANASTACIA #NTK26,52.31236,4.94415
Amsterdam,2026-09-30,Donny Benét,52.36483,4.88127
Amsterdam,2026-09-30,Daft Funk Live,52.36483,4.88127
Amsterdam,2026-09-30,Tova Leigh - Fifty Shades of Rage,52.37282,4.87902
Amsterdam,2026-09-30,Dit Was Het Nieuws,52.23783,5.17193
