city,hotel_name,price,rating,stars,distance_from_center_km,breakfast_included,review_count
prague,Prague - Karlin Apartments,2796,8.3,6.0,2.7,False,756
prague,"STAGES HOTEL Prague, a Tribute Portfolio Hotel",2775,9.4,8.0,5.6,True,17434
prague,The Cloud One Prague,3350,8.7,8.0,1.0,False,5554
prague,a&o Prague Rhea,1432,7.8,6.0,5.7,False,24702
prague,Adria Hotel Prague,3277,8.1,8.0,0.6,True,1275
prague,Grand Hotel Prague Towers - Czech Leading Hotels,3190,9.0,10.0,2.8,False,19133
prague,City Central De Luxe,2401,7.6,6.0,1.6,True,6817
prague,Congress & Wellness Hotel Olsanka,2311,7.8,8.0,2.7,False,9852
prague,Belvedere,2903,8.3,8.0,1.5,True,8782
prague,Motel One Prague-Florentinum,2450,8.7,6.0,1.0,False,5035
prague,Perla Hotel,3747,8.7,8.0,0.4,False,5143
prague,Grandium Hotel Prague,4721,8.6,10.0,0.8,True,14130
prague,Hotel Ambiance,1875,8.3,8.0,1.7,True,6220
prague,Ibis Praha Mala Strana,1966,8.3,6.0,2.2,False,4418
prague,Holiday Home Florida by Interhome,2961,8.3,,11.6,False,66
prague,Grandior Hotel Prague,2846,8.8,10.0,1.1,True,11874
prague,Hotel Ariston Prague,2266,8.2,8.0,2.0,True,9067
prague,Diplomat Hotel Prague,5220,8.9,8.0,2.6,True,5724
prague,Narodni Stay,2023,8.3,6.0,0.6,False,5981
prague,Krakovka Residence,2562,8.9,8.0,1.2,False,824
prague,Mama Shelter Prague,2468,8.9,8.0,1.9,False,4759
prague,Majestic Plaza Hotel Prague,2951,8.6,8.0,1.0,True,6891
prague,Expo Hotel,2949,8.8,8.0,2.4,True,4729
prague,Ibis Praha Old Town,3232,8.1,6.0,0.7,False,5073
prague,Alqush Downtown Hotel,3085,8.6,8.0,1.9,True,2297
prague,Prague - Karlin Apartments,2796,8.3,6.0,2.7,False,756
prague,"STAGES HOTEL Prague, a Tribute Portfolio Hotel",2775,9.4,8.0,5.6,True,17434
prague,The Cloud One Prague,3350,8.7,8.0,1.0,False,5554
prague,a&o Prague Rhea,1432,7.8,6.0,5.7,False,24702
prague,Adria Hotel Prague,3277,8.1,8.0,0.6,True,1275
prague,Grand Hotel Prague Towers - Czech Leading Hotels,3190,9.0,10.0,2.8,False,19133
prague,City Central De Luxe,2401,7.6,6.0,1.6,True,6817
prague,Congress & Wellness Hotel Olsanka,2311,7.8,8.0,2.7,False,9852
prague,Belvedere,2625,8.3,8.0,1.5,True,8782
prague,Motel One Prague-Florentinum,2450,8.7,6.0,1.0,False,5035
prague,Perla Hotel,3747,8.7,8.0,0.4,False,5143
prague,Grandium Hotel Prague,4721,8.6,10.0,0.8,True,14130
prague,Hotel Ambiance,1875,8.3,8.0,1.7,True,6220
prague,Ibis Praha Mala Strana,1966,8.3,6.0,2.2,False,4418
prague,Holiday Home Florida by Interhome,2961,8.3,,11.6,False,66
prague,Grandior Hotel Prague,2846,8.8,10.0,1.1,True,11874
prague,Hotel Ariston Prague,2266,8.2,8.0,2.0,True,9067
prague,Diplomat Hotel Prague,5220,8.9,8.0,2.6,True,5724
prague,Narodni Stay,2023,8.3,6.0,0.6,False,5981
prague,Krakovka Residence,2562,8.9,8.0,1.2,False,824
prague,Mama Shelter Prague,2468,8.9,8.0,1.9,False,4759
prague,Majestic Plaza Hotel Prague,2951,8.6,8.0,1.0,True,6891
prague,Expo Hotel,2949,8.8,8.0,2.4,True,4729
prague,Ibis Praha Old Town,3232,8.1,6.0,0.7,False,5073
prague,Alqush Downtown Hotel,3085,8.6,8.0,1.9,True,2297
prague,Prague - Karlin Apartments,2796,8.3,6.0,2.7,False,756
prague,"STAGES HOTEL Prague, a Tribute Portfolio Hotel",2775,9.4,8.0,5.6,True,17434
prague,The Cloud One Prague,3350,8.7,8.0,1.0,False,5554
prague,a&o Prague Rhea,1432,7.8,6.0,5.7,False,24702
prague,Adria Hotel Prague,3277,8.1,8.0,0.6,True,1275
prague,Grand Hotel Prague Towers - Czech Leading Hotels,3190,9.0,10.0,2.8,False,19133
prague,City Central De Luxe,2401,7.6,6.0,1.6,True,6817
prague,Congress & Wellness Hotel Olsanka,2311,7.8,8.0,2.7,False,9852
prague,Belvedere,2625,8.3,8.0,1.5,True,8782
prague,Motel One Prague-Florentinum,2450,8.7,6.0,1.0,False,5035
prague,Perla Hotel,3747,8.7,8.0,0.4,False,5143
prague,Grandium Hotel Prague,4721,8.6,10.0,0.8,True,14130
prague,Hotel Ambiance,1875,8.3,8.0,1.7,True,6220
prague,Ibis Praha Mala Strana,1966,8.3,6.0,2.2,False,4418
prague,Holiday Home Florida by Interhome,2961,8.3,,11.6,False,66
prague,Grandior Hotel Prague,2846,8.8,10.0,1.1,True,11874
prague,Hotel Ariston Prague,2266,8.2,8.0,2.0,True,9067
prague,Diplomat Hotel Prague,5220,8.9,8.0,2.6,True,5724
prague,Narodni Stay,2023,8.3,6.0,0.6,False,5981
prague,Krakovka Residence,2562,8.9,8.0,1.2,False,824
prague,Mama Shelter Prague,2468,8.9,8.0,1.9,False,4759
prague,Majestic Plaza Hotel Prague,2951,8.6,8.0,1.0,True,6891
prague,Expo Hotel,2949,8.8,8.0,2.4,True,4729
prague,Ibis Praha Old Town,3232,8.1,6.0,0.7,False,5073
prague,Alqush Downtown Hotel,3085,8.6,8.0,1.9,True,2297
prague,Prague - Karlin Apartments,2796,8.3,6.0,2.7,False,756
prague,"STAGES HOTEL Prague, a Tribute Portfolio Hotel",2775,9.4,8.0,5.6,True,17434
prague,The Cloud One Prague,3350,8.7,8.0,1.0,False,5554
prague,a&o Prague Rhea,1432,7.8,6.0,5.7,False,24702
prague,Adria Hotel Prague,3277,8.1,8.0,0.6,True,1275
prague,Grand Hotel Prague Towers - Czech Leading Hotels,3190,9.0,10.0,2.8,False,19133
prague,City Central De Luxe,2401,7.6,6.0,1.6,True,6817
prague,Congress & Wellness Hotel Olsanka,2311,7.8,8.0,2.7,False,9852
prague,Belvedere,2625,8.3,8.0,1.5,True,8782
prague,Motel One Prague-Florentinum,2450,8.7,6.0,1.0,False,5035
prague,Perla Hotel,3747,8.7,8.0,0.4,False,5143
prague,Grandium Hotel Prague,4721,8.6,10.0,0.8,True,14130
prague,Hotel Ambiance,1875,8.3,8.0,1.7,True,6220
prague,Ibis Praha Mala Strana,1966,8.3,6.0,2.2,False,4418
prague,Holiday Home Florida by Interhome,2961,8.3,,11.6,False,66
prague,Grandior Hotel Prague,2846,8.8,10.0,1.1,True,11874
prague,Hotel Ariston Prague,2266,8.2,8.0,2.0,True,9067
prague,Diplomat Hotel Prague,5220,8.9,8.0,2.6,True,5724
prague,Narodni Stay,2023,8.3,6.0,0.6,False,5981
prague,Krakovka Residence,2562,8.9,8.0,1.2,False,824
prague,Mama Shelter Prague,2468,8.9,8.0,1.9,False,4759
prague,Majestic Plaza Hotel Prague,2951,8.6,8.0,1.0,True,6891
prague,Expo Hotel,2949,8.8,8.0,2.4,True,4729
prague,Ibis Praha Old Town,3232,8.1,6.0,0.7,False,5073
prague,Alqush Downtown Hotel,3085,8.6,8.0,1.9,True,2297
prague,Prague - Karlin Apartments,2796,8.3,6.0,2.7,False,756
prague,"STAGES HOTEL Prague, a Tribute Portfolio Hotel",2775,9.4,8.0,5.6,True,17434
prague,The Cloud One Prague,3350,8.7,8.0,1.0,False,5554
prague,a&o Prague Rhea,1432,7.8,6.0,5.7,False,24702
prague,Adria Hotel Prague,3277,8.1,8.0,0.6,True,1275
prague,Grand Hotel Prague Towers - Czech Leading Hotels,3190,9.0,10.0,2.8,False,19133
prague,City Central De Luxe,2401,7.6,6.0,1.6,True,6817
prague,Congress & Wellness Hotel Olsanka,2311,7.8,8.0,2.7,False,9852
prague,Belvedere,2625,8.3,8.0,1.5,True,8782
prague,Motel One Prague-Florentinum,2450,8.7,6.0,1.0,False,5035
prague,Perla Hotel,3747,8.7,8.0,0.4,False,5143
prague,Grandium Hotel Prague,4721,8.6,10.0,0.8,True,14130
prague,Hotel Ambiance,1875,8.3,8.0,1.7,True,6220
prague,Ibis Praha Mala Strana,1966,8.3,6.0,2.2,False,4418
prague,Holiday Home Florida by Interhome,2961,8.3,,11.6,False,66
prague,Grandior Hotel Prague,2846,8.8,10.0,1.1,True,11874
prague,Hotel Ariston Prague,2266,8.2,8.0,2.0,True,9067
prague,Diplomat Hotel Prague,5220,8.9,8.0,2.6,True,5724
prague,Narodni Stay,2023,8.3,6.0,0.6,False,5981
prague,Krakovka Residence,2562,8.9,8.0,1.2,False,824
prague,Mama Shelter Prague,2468,8.9,8.0,1.9,False,4759
prague,Majestic Plaza Hotel Prague,2951,8.6,8.0,1.0,True,6891
prague,Expo Hotel,2949,8.8,8.0,2.4,True,4729
prague,Ibis Praha Old Town,3232,8.1,6.0,0.7,False,5073
prague,Alqush Downtown Hotel,3085,8.6,8.0,1.9,True,2297
prague,Prague - Karlin Apartments,2796,8.3,6.0,2.7,False,756
prague,"STAGES HOTEL Prague, a Tribute Portfolio Hotel",2775,9.4,8.0,5.6,True,17434
prague,The Cloud One Prague,3350,8.7,8.0,1.0,False,5554
prague,a&o Prague Rhea,1432,7.8,6.0,5.7,False,24702
prague,Adria Hotel Prague,3277,8.1,8.0,0.6,True,1275
prague,Grand Hotel Prague Towers - Czech Leading Hotels,3190,9.0,10.0,2.8,False,19133
prague,City Central De Luxe,2401,7.6,6.0,1.6,True,6817
prague,Congress & Wellness Hotel Olsanka,2311,7.8,8.0,2.7,False,9852
prague,Belvedere,2625,8.3,8.0,1.5,True,8782
prague,Motel One Prague-Florentinum,2450,8.7,6.0,1.0,False,5035
prague,Perla Hotel,3747,8.7,8.0,0.4,False,5143
prague,Grandium Hotel Prague,4721,8.6,10.0,0.8,True,14130
prague,Hotel Ambiance,1875,8.3,8.0,1.7,True,6220
prague,Ibis Praha Mala Strana,1966,8.3,6.0,2.2,False,4418
prague,Holiday Home Florida by Interhome,2961,8.3,,11.6,False,66
prague,Grandior Hotel Prague,2846,8.8,10.0,1.1,True,11874
prague,Hotel Ariston Prague,2266,8.2,8.0,2.0,True,9067
prague,Diplomat Hotel Prague,5220,8.9,8.0,2.6,True,5724
prague,Narodni Stay,2023,8.3,6.0,0.6,False,5981
prague,Krakovka Residence,2562,8.9,8.0,1.2,False,824
prague,Mama Shelter Prague,2468,8.9,8.0,1.9,False,4759
prague,Majestic Plaza Hotel Prague,2951,8.6,8.0,1.0,True,6891
prague,Expo Hotel,2949,8.8,8.0,2.4,True,4729
prague,Ibis Praha Old Town,3232,8.1,6.0,0.7,False,5073
prague,Alqush Downtown Hotel,3085,8.6,8.0,1.9,True,2297
prague,Prague - Karlin Apartments,2796,8.3,6.0,2.7,False,756
prague,"STAGES HOTEL Prague, a Tribute Portfolio Hotel",2775,9.4,8.0,5.6,True,17434
prague,The Cloud One Prague,3350,8.7,8.0,1.0,False,5554
prague,a&o Prague Rhea,1432,7.8,6.0,5.7,False,24702
prague,Adria Hotel Prague,3277,8.1,8.0,0.6,True,1275
prague,Grand Hotel Prague Towers - Czech Leading Hotels,3190,9.0,10.0,2.8,False,19133
prague,City Central De Luxe,2401,7.6,6.0,1.6,True,6817
prague,Congress & Wellness Hotel Olsanka,2311,7.8,8.0,2.7,False,9852
prague,Belvedere,2625,8.3,8.0,1.5,True,8782
prague,Motel One Prague-Florentinum,2450,8.7,6.0,1.0,False,5035
prague,Perla Hotel,3747,8.7,8.0,0.4,False,5143
prague,Grandium Hotel Prague,4721,8.6,10.0,0.8,True,14130
prague,Hotel Ambiance,1875,8.3,8.0,1.7,True,6220
prague,Ibis Praha Mala Strana,1966,8.3,6.0,2.2,False,4418
prague,Holiday Home Florida by Interhome,2961,8.3,,11.6,False,66
prague,Grandior Hotel Prague,2846,8.8,10.0,1.1,True,11874
prague,Hotel Ariston Prague,2266,8.2,8.0,2.0,True,9067
prague,Diplomat Hotel Prague,5220,8.9,8.0,2.6,True,5724
prague,Narodni Stay,2023,8.3,6.0,0.6,False,5981
prague,Krakovka Residence,2562,8.9,8.0,1.2,False,824
prague,Mama Shelter Prague,2468,8.9,8.0,1.9,False,4759
prague,Majestic Plaza Hotel Prague,2951,8.6,8.0,1.0,True,6891
prague,Expo Hotel,2949,8.8,8.0,2.4,True,4729
prague,Ibis Praha Old Town,3232,8.1,6.0,0.7,False,5073
prague,Alqush Downtown Hotel,3085,8.6,8.0,1.9,True,2297
prague,Prague - Karlin Apartments,2796,8.3,6.0,2.7,False,756
prague,"STAGES HOTEL Prague, a Tribute Portfolio Hotel",2775,9.4,8.0,5.6,True,17434
prague,The Cloud One Prague,3350,8.7,8.0,1.0,False,5554
prague,a&o Prague Rhea,1432,7.8,6.0,5.7,False,24702
prague,Adria Hotel Prague,3277,8.1,8.0,0.6,True,1275
prague,Grand Hotel Prague Towers - Czech Leading Hotels,3190,9.0,10.0,2.8,False,19133
prague,City Central De Luxe,2401,7.6,6.0,1.6,True,6817
prague,Congress & Wellness Hotel Olsanka,2311,7.8,8.0,2.7,False,9852
prague,Belvedere,2625,8.3,8.0,1.5,True,8782
prague,Motel One Prague-Florentinum,2450,8.7,6.0,1.0,False,5035
prague,Perla Hotel,3747,8.7,8.0,0.4,False,5143
prague,Grandium Hotel Prague,4721,8.6,10.0,0.8,True,14130
prague,Hotel Ambiance,1875,8.3,8.0,1.7,True,6220
prague,Ibis Praha Mala Strana,1966,8.3,6.0,2.2,False,4418
prague,Holiday Home Florida by Interhome,2961,8.3,,11.6,False,66
prague,Grandior Hotel Prague,2846,8.8,10.0,1.1,True,11874
prague,Hotel Ariston Prague,2266,8.2,8.0,2.0,True,9067
prague,Diplomat Hotel Prague,5220,8.9,8.0,2.6,True,5724
prague,Narodni Stay,2023,8.3,6.0,0.6,False,5981
prague,Krakovka Residence,2562,8.9,8.0,1.2,False,824
prague,Mama Shelter Prague,2468,8.9,8.0,1.9,False,4759
prague,Majestic Plaza Hotel Prague,2951,8.6,8.0,1.0,True,6891
prague,Expo Hotel,2949,8.8,8.0,2.4,True,4729
prague,Ibis Praha Old Town,3232,8.1,6.0,0.7,False,5073
prague,Alqush Downtown Hotel,3085,8.6,8.0,1.9,True,2297
prague,Prague - Karlin Apartments,2796,8.3,6.0,2.7,False,756
prague,"STAGES HOTEL Prague, a Tribute Portfolio Hotel",2775,9.4,8.0,5.6,True,17434
prague,The Cloud One Prague,3350,8.7,8.0,1.0,False,5554
prague,a&o Prague Rhea,1432,7.8,6.0,5.7,False,24702
prague,Adria Hotel Prague,3277,8.1,8.0,0.6,True,1275
prague,Grand Hotel Prague Towers - Czech Leading Hotels,3190,9.0,10.0,2.8,False,19133
prague,City Central De Luxe,2401,7.6,6.0,1.6,True,6817
prague,Congress & Wellness Hotel Olsanka,2311,7.8,8.0,2.7,False,9852
prague,Belvedere,2625,8.3,8.0,1.5,True,8782
prague,Motel One Prague-Florentinum,2450,8.7,6.0,1.0,False,5035
prague,Perla Hotel,3747,8.7,8.0,0.4,False,5143
prague,Grandium Hotel Prague,4721,8.6,10.0,0.8,True,14130
prague,Hotel Ambiance,1875,8.3,8.0,1.7,True,6220
prague,Ibis Praha Mala Strana,1966,8.3,6.0,2.2,False,4418
prague,Holiday Home Florida by Interhome,2961,8.3,,11.6,False,66
prague,Grandior Hotel Prague,2846,8.8,10.0,1.1,True,11874
prague,Hotel Ariston Prague,2266,8.2,8.0,2.0,True,9067
prague,Diplomat Hotel Prague,5220,8.9,8.0,2.6,True,5724
prague,Narodni Stay,2023,8.3,6.0,0.6,False,5981
prague,Krakovka Residence,2562,8.9,8.0,1.2,False,824
prague,Mama Shelter Prague,2468,8.9,8.0,1.9,False,4759
prague,Majestic Plaza Hotel Prague,2951,8.6,8.0,1.0,True,6891
prague,Expo Hotel,2949,8.8,8.0,2.4,True,4729
prague,Ibis Praha Old Town,3232,8.1,6.0,0.7,False,5073
prague,Alqush Downtown Hotel,3085,8.6,8.0,1.9,True,2297
prague,Prague - Karlin Apartments,2796,8.3,6.0,2.7,False,756
prague,"STAGES HOTEL Prague, a Tribute Portfolio Hotel",2775,9.4,8.0,5.6,True,17434
prague,The Cloud One Prague,3350,8.7,8.0,1.0,False,5554
prague,a&o Prague Rhea,1432,7.8,6.0,5.7,False,24702
prague,Adria Hotel Prague,3277,8.1,8.0,0.6,True,1275
prague,Grand Hotel Prague Towers - Czech Leading Hotels,3190,9.0,10.0,2.8,False,19133
prague,City Central De Luxe,2401,7.6,6.0,1.6,True,6817
prague,Congress & Wellness Hotel Olsanka,2311,7.8,8.0,2.7,False,9852
prague,Belvedere,2625,8.3,8.0,1.5,True,8782
prague,Motel One Prague-Florentinum,2450,8.7,6.0,1.0,False,5035
prague,Perla Hotel,3747,8.7,8.0,0.4,False,5143
prague,Grandium Hotel Prague,4721,8.6,10.0,0.8,True,14130
prague,Hotel Ambiance,1875,8.3,8.0,1.7,True,6220
prague,Ibis Praha Mala Strana,1966,8.3,6.0,2.2,False,4418
prague,Holiday Home Florida by Interhome,2961,8.3,,11.6,False,66
prague,Grandior Hotel Prague,2846,8.8,10.0,1.1,True,11874
prague,Hotel Ariston Prague,2266,8.2,8.0,2.0,True,9067
prague,Diplomat Hotel Prague,5220,8.9,8.0,2.6,True,5724
prague,Narodni Stay,2023,8.3,6.0,0.6,False,5981
prague,Krakovka Residence,2562,8.9,8.0,1.2,False,824
prague,Mama Shelter Prague,2468,8.9,8.0,1.9,False,4759
prague,Majestic Plaza Hotel Prague,2951,8.6,8.0,1.0,True,6891
prague,Expo Hotel,2949,8.8,8.0,2.4,True,4729
prague,Ibis Praha Old Town,3232,8.1,6.0,0.7,False,5073
prague,Alqush Downtown Hotel,3085,8.6,8.0,1.9,True,2297
vienna,Hotel Gilbert,4866,9.0,8.0,1.4,False,3581
vienna,Hotel Schani Wien Hauptbahnhof,3187,8.7,8.0,2.9,False,3852
vienna,Motel One Wien-Hauptbahnhof,3311,8.5,6.0,2.8,False,17998
vienna,Motel One Wien Westbahnhof,3461,8.6,6.0,2.9,False,14984
vienna,Motel One Wien-Staatsoper,4991,8.5,6.0,0.9,False,7557
vienna,Ruby Lissi Hotel Vienna by IHG,4509,8.2,8.0,0.45,False,4175
vienna,Sophienne Apartments,4374,9.3,,2.9,False,1968
vienna,A&T Hotel & Hostel,2389,8.1,,4.3,False,4624
vienna,Novotel Wien Hauptbahnhof,5612,8.7,8.0,2.6,False,6002
vienna,Hotel Rathauspark Wien - Handwritten Collection,3520,8.8,8.0,1.3,False,4085
vienna,Residence Inn by Marriott Vienna City East,3631,9.1,8.0,3.4,True,995
vienna,Hotel Enziana Wien,2854,7.0,,2.0,False,5573
vienna,Moxy Vienna City East,2370,8.8,6.0,3.5,False,5193
vienna,Ibis Wien Messe,4076,7.7,6.0,2.4,False,3584
vienna,Garner Hotel Vienna - Prinz Eugen by IHG,4388,8.1,8.0,2.3,False,922
vienna,Hilton Vienna Park,6740,8.4,,0.7,False,9524
vienna,Hilton Vienna Waterfront,15443,8.4,,3.6,False,6762
vienna,"Lindner Hotel Vienna Am Belvedere, part of JdV by Hyatt",4705,8.4,8.0,1.6,True,4036
vienna,"Prize by Radisson, Vienna City",2867,8.3,6.0,2.9,False,24014
vienna,SO/ Vienna,7894,8.8,10.0,0.6,False,4568
vienna,Franz-Josef City Apartment is Calling - by 4ty3 Apartments,16425,8.1,,2.6,False,61
vienna,Leonardo Hotel Vienna Schönbrunn,4389,8.8,8.0,4.0,False,11608
vienna,ARCOTEL Donauzentrum Wien,2941,8.5,8.0,6.0,False,4991
vienna,Vienna Marriott Hotel,11370,8.5,10.0,0.5,False,3685
vienna,The Leo Grand,8633,9.4,10.0,0.2,False,3372
vienna,Hotel Schani Wien Hauptbahnhof,3187,8.7,8.0,2.9,False,3852
vienna,Motel One Wien-Hauptbahnhof,3311,8.5,6.0,2.8,False,17998
vienna,Motel One Wien Westbahnhof,3461,8.6,6.0,2.9,False,14984
vienna,Motel One Wien-Staatsoper,4991,8.5,6.0,0.9,False,7557
vienna,Ruby Lissi Hotel Vienna by IHG,4509,8.2,8.0,0.45,False,4175
vienna,Sophienne Apartments,4374,9.3,,2.9,False,1968
vienna,A&T Hotel & Hostel,2389,8.1,,4.3,False,4624
vienna,Novotel Wien Hauptbahnhof,5612,8.7,8.0,2.6,False,6002
vienna,Hotel Rathauspark Wien - Handwritten Collection,3520,8.8,8.0,1.3,False,4085
vienna,Residence Inn by Marriott Vienna City East,3631,9.1,8.0,3.4,True,995
vienna,Hotel Enziana Wien,2854,7.0,,2.0,False,5573
vienna,Moxy Vienna City East,2370,8.8,6.0,3.5,False,5193
vienna,Ibis Wien Messe,4076,7.7,6.0,2.4,False,3584
vienna,Garner Hotel Vienna - Prinz Eugen by IHG,4388,8.1,8.0,2.3,False,922
vienna,Hilton Vienna Park,6740,8.4,,0.7,False,9524
vienna,Hilton Vienna Waterfront,15443,8.4,,3.6,False,6762
vienna,"Lindner Hotel Vienna Am Belvedere, part of JdV by Hyatt",4705,8.4,8.0,1.6,True,4036
vienna,"Prize by Radisson, Vienna City",2867,8.3,6.0,2.9,False,24014
vienna,SO/ Vienna,7894,8.8,10.0,0.6,False,4568
vienna,Franz-Josef City Apartment is Calling - by 4ty3 Apartments,16425,8.1,,2.6,False,61
vienna,Leonardo Hotel Vienna Schönbrunn,4389,8.8,8.0,4.0,False,11608
vienna,ARCOTEL Donauzentrum Wien,2941,8.5,8.0,6.0,False,4991
vienna,Vienna Marriott Hotel,11370,8.5,10.0,0.5,False,3685
vienna,The Leo Grand,8633,9.4,10.0,0.2,False,3372
vienna,Hotel Schani Wien Hauptbahnhof,3187,8.7,8.0,2.9,False,3852
vienna,Motel One Wien-Hauptbahnhof,3311,8.5,6.0,2.8,False,17998
vienna,Motel One Wien Westbahnhof,3461,8.6,6.0,2.9,False,14984
vienna,Motel One Wien-Staatsoper,4991,8.5,6.0,0.9,False,7557
vienna,Ruby Lissi Hotel Vienna by IHG,4509,8.2,8.0,0.45,False,4175
vienna,Sophienne Apartments,4374,9.3,,2.9,False,1968
vienna,A&T Hotel & Hostel,2389,8.1,,4.3,False,4624
vienna,Novotel Wien Hauptbahnhof,5612,8.7,8.0,2.6,False,6002
vienna,Hotel Rathauspark Wien - Handwritten Collection,3520,8.8,8.0,1.3,False,4085
vienna,Residence Inn by Marriott Vienna City East,3631,9.1,8.0,3.4,True,995
vienna,Hotel Enziana Wien,2854,7.0,,2.0,False,5573
vienna,Moxy Vienna City East,2370,8.8,6.0,3.5,False,5193
vienna,Ibis Wien Messe,4076,7.7,6.0,2.4,False,3584
vienna,Garner Hotel Vienna - Prinz Eugen by IHG,4388,8.1,8.0,2.3,False,922
vienna,Hilton Vienna Park,6740,8.4,,0.7,False,9524
vienna,Hilton Vienna Waterfront,15443,8.4,,3.6,False,6762
vienna,"Lindner Hotel Vienna Am Belvedere, part of JdV by Hyatt",4705,8.4,8.0,1.6,True,4036
vienna,"Prize by Radisson, Vienna City",2867,8.3,6.0,2.9,False,24014
vienna,SO/ Vienna,7894,8.8,10.0,0.6,False,4568
vienna,Franz-Josef City Apartment is Calling - by 4ty3 Apartments,16425,8.1,,2.6,False,61
vienna,Leonardo Hotel Vienna Schönbrunn,4389,8.8,8.0,4.0,False,11608
vienna,ARCOTEL Donauzentrum Wien,2941,8.5,8.0,6.0,False,4991
vienna,Vienna Marriott Hotel,11370,8.5,10.0,0.5,False,3685
vienna,The Leo Grand,8633,9.4,10.0,0.2,False,3372
vienna,Hotel Schani Wien Hauptbahnhof,3187,8.7,8.0,2.9,False,3852
vienna,Motel One Wien-Hauptbahnhof,3311,8.5,6.0,2.8,False,17998
vienna,Motel One Wien Westbahnhof,3461,8.6,6.0,2.9,False,14984
vienna,Motel One Wien-Staatsoper,4991,8.5,6.0,0.9,False,7557
vienna,Ruby Lissi Hotel Vienna by IHG,4509,8.2,8.0,0.45,False,4175
vienna,Sophienne Apartments,4374,9.3,,2.9,False,1968
vienna,A&T Hotel & Hostel,2389,8.1,,4.3,False,4624
vienna,Novotel Wien Hauptbahnhof,5612,8.7,8.0,2.6,False,6002
vienna,Hotel Rathauspark Wien - Handwritten Collection,3520,8.8,8.0,1.3,False,4085
vienna,Residence Inn by Marriott Vienna City East,3631,9.1,8.0,3.4,True,995
vienna,Hotel Enziana Wien,2854,7.0,,2.0,False,5573
vienna,Moxy Vienna City East,2370,8.8,6.0,3.5,False,5193
vienna,Ibis Wien Messe,4076,7.7,6.0,2.4,False,3584
vienna,Garner Hotel Vienna - Prinz Eugen by IHG,4388,8.1,8.0,2.3,False,922
vienna,Hilton Vienna Park,6740,8.4,,0.7,False,9524
vienna,Hilton Vienna Waterfront,15443,8.4,,3.6,False,6762
vienna,"Lindner Hotel Vienna Am Belvedere, part of JdV by Hyatt",4705,8.4,8.0,1.6,True,4036
vienna,"Prize by Radisson, Vienna City",2867,8.3,6.0,2.9,False,24014
vienna,SO/ Vienna,7894,8.8,10.0,0.6,False,4568
vienna,Franz-Josef City Apartment is Calling - by 4ty3 Apartments,16425,8.1,,2.6,False,61
vienna,Leonardo Hotel Vienna Schönbrunn,4389,8.8,8.0,4.0,False,11608
vienna,ARCOTEL Donauzentrum Wien,2941,8.5,8.0,6.0,False,4991
vienna,Vienna Marriott Hotel,11370,8.5,10.0,0.5,False,3685
vienna,The Leo Grand,8633,9.4,10.0,0.2,False,3372
vienna,Hotel Schani Wien Hauptbahnhof,3187,8.7,8.0,2.9,False,3852
vienna,Motel One Wien-Hauptbahnhof,3311,8.5,6.0,2.8,False,17998
vienna,Motel One Wien Westbahnhof,3461,8.6,6.0,2.9,False,14984
vienna,Motel One Wien-Staatsoper,4991,8.5,6.0,0.9,False,7557
vienna,Ruby Lissi Hotel Vienna by IHG,4509,8.2,8.0,0.45,False,4175
vienna,Sophienne Apartments,4374,9.3,,2.9,False,1968
vienna,A&T Hotel & Hostel,2389,8.1,,4.3,False,4624
vienna,Novotel Wien Hauptbahnhof,5612,8.7,8.0,2.6,False,6002
vienna,Hotel Rathauspark Wien - Handwritten Collection,3520,8.8,8.0,1.3,False,4085
vienna,Residence Inn by Marriott Vienna City East,3631,9.1,8.0,3.4,True,995
vienna,Hotel Enziana Wien,2854,7.0,,2.0,False,5573
vienna,Moxy Vienna City East,2370,8.8,6.0,3.5,False,5193
vienna,Ibis Wien Messe,4076,7.7,6.0,2.4,False,3584
vienna,Garner Hotel Vienna - Prinz Eugen by IHG,4388,8.1,8.0,2.3,False,922
vienna,Hilton Vienna Park,6740,8.4,,0.7,False,9524
vienna,Hilton Vienna Waterfront,15443,8.4,,3.6,False,6762
vienna,"Lindner Hotel Vienna Am Belvedere, part of JdV by Hyatt",4705,8.4,8.0,1.6,True,4036
vienna,"Prize by Radisson, Vienna City",2867,8.3,6.0,2.9,False,24014
vienna,SO/ Vienna,7894,8.8,10.0,0.6,False,4568
vienna,Franz-Josef City Apartment is Calling - by 4ty3 Apartments,16425,8.1,,2.6,False,61
vienna,Leonardo Hotel Vienna Schönbrunn,4389,8.8,8.0,4.0,False,11608
vienna,ARCOTEL Donauzentrum Wien,2941,8.5,8.0,6.0,False,4991
vienna,Vienna Marriott Hotel,11370,8.5,10.0,0.5,False,3685
vienna,The Leo Grand,8633,9.4,10.0,0.2,False,3372
vienna,Hotel Schani Wien Hauptbahnhof,3187,8.7,8.0,2.9,False,3852
vienna,Motel One Wien-Hauptbahnhof,3311,8.5,6.0,2.8,False,17998
vienna,Motel One Wien Westbahnhof,3461,8.6,6.0,2.9,False,14984
vienna,Motel One Wien-Staatsoper,4991,8.5,6.0,0.9,False,7557
vienna,Ruby Lissi Hotel Vienna by IHG,4509,8.2,8.0,0.45,False,4175
vienna,Sophienne Apartments,4374,9.3,,2.9,False,1968
vienna,A&T Hotel & Hostel,2389,8.1,,4.3,False,4624
vienna,Novotel Wien Hauptbahnhof,5612,8.7,8.0,2.6,False,6002
vienna,Hotel Rathauspark Wien - Handwritten Collection,3520,8.8,8.0,1.3,False,4085
vienna,Residence Inn by Marriott Vienna City East,3631,9.1,8.0,3.4,True,995
vienna,Hotel Enziana Wien,2854,7.0,,2.0,False,5573
vienna,Moxy Vienna City East,2370,8.8,6.0,3.5,False,5193
vienna,Ibis Wien Messe,4076,7.7,6.0,2.4,False,3584
vienna,Garner Hotel Vienna - Prinz Eugen by IHG,4388,8.1,8.0,2.3,False,922
vienna,Hilton Vienna Park,6740,8.4,,0.7,False,9524
vienna,Hilton Vienna Waterfront,15443,8.4,,3.6,False,6762
vienna,"Lindner Hotel Vienna Am Belvedere, part of JdV by Hyatt",4705,8.4,8.0,1.6,True,4036
vienna,"Prize by Radisson, Vienna City",2867,8.3,6.0,2.9,False,24014
vienna,SO/ Vienna,7894,8.8,10.0,0.6,False,4568
vienna,Franz-Josef City Apartment is Calling - by 4ty3 Apartments,16425,8.1,,2.6,False,61
vienna,Leonardo Hotel Vienna Schönbrunn,4389,8.8,8.0,4.0,False,11608
vienna,ARCOTEL Donauzentrum Wien,2941,8.5,8.0,6.0,False,4991
vienna,Vienna Marriott Hotel,11370,8.5,10.0,0.5,False,3685
vienna,The Leo Grand,8633,9.4,10.0,0.2,False,3372
vienna,Hotel Schani Wien Hauptbahnhof,3187,8.7,8.0,2.9,False,3852
vienna,Motel One Wien-Hauptbahnhof,3311,8.5,6.0,2.8,False,17998
vienna,Motel One Wien Westbahnhof,3461,8.6,6.0,2.9,False,14984
vienna,Motel One Wien-Staatsoper,4991,8.5,6.0,0.9,False,7557
vienna,Ruby Lissi Hotel Vienna by IHG,4509,8.2,8.0,0.45,False,4175
vienna,Sophienne Apartments,4374,9.3,,2.9,False,1968
vienna,A&T Hotel & Hostel,2389,8.1,,4.3,False,4624
vienna,Novotel Wien Hauptbahnhof,5612,8.7,8.0,2.6,False,6002
vienna,Hotel Rathauspark Wien - Handwritten Collection,3520,8.8,8.0,1.3,False,4085
vienna,Residence Inn by Marriott Vienna City East,3631,9.1,8.0,3.4,True,995
vienna,Hotel Enziana Wien,2854,7.0,,2.0,False,5573
vienna,Moxy Vienna City East,2370,8.8,6.0,3.5,False,5193
vienna,Ibis Wien Messe,4076,7.7,6.0,2.4,False,3584
vienna,Garner Hotel Vienna - Prinz Eugen by IHG,4388,8.1,8.0,2.3,False,922
vienna,Hilton Vienna Park,6740,8.4,,0.7,False,9524
vienna,Hilton Vienna Waterfront,15443,8.4,,3.6,False,6762
vienna,"Lindner Hotel Vienna Am Belvedere, part of JdV by Hyatt",4705,8.4,8.0,1.6,True,4036
vienna,"Prize by Radisson, Vienna City",2867,8.3,6.0,2.9,False,24014
vienna,SO/ Vienna,7894,8.8,10.0,0.6,False,4568
vienna,Franz-Josef City Apartment is Calling - by 4ty3 Apartments,16425,8.1,,2.6,False,61
vienna,Leonardo Hotel Vienna Schönbrunn,4389,8.8,8.0,4.0,False,11608
vienna,ARCOTEL Donauzentrum Wien,2941,8.5,8.0,6.0,False,4991
vienna,Vienna Marriott Hotel,11370,8.5,10.0,0.5,False,3685
vienna,The Leo Grand,8633,9.4,10.0,0.2,False,3372
vienna,Hotel Schani Wien Hauptbahnhof,3187,8.7,8.0,2.9,False,3852
vienna,Motel One Wien-Hauptbahnhof,3311,8.5,6.0,2.8,False,17998
vienna,Motel One Wien Westbahnhof,3461,8.6,6.0,2.9,False,14984
vienna,Motel One Wien-Staatsoper,4991,8.5,6.0,0.9,False,7557
vienna,Ruby Lissi Hotel Vienna by IHG,4509,8.2,8.0,0.45,False,4175
vienna,Sophienne Apartments,4374,9.3,,2.9,False,1968
vienna,A&T Hotel & Hostel,2389,8.1,,4.3,False,4624
vienna,Novotel Wien Hauptbahnhof,5612,8.7,8.0,2.6,False,6002
vienna,Hotel Rathauspark Wien - Handwritten Collection,3520,8.8,8.0,1.3,False,4085
vienna,Residence Inn by Marriott Vienna City East,3631,9.1,8.0,3.4,True,995
vienna,Hotel Enziana Wien,2854,7.0,,2.0,False,5573
vienna,Moxy Vienna City East,2370,8.8,6.0,3.5,False,5193
vienna,Ibis Wien Messe,4076,7.7,6.0,2.4,False,3584
vienna,Garner Hotel Vienna - Prinz Eugen by IHG,4388,8.1,8.0,2.3,False,922
vienna,Hilton Vienna Park,6740,8.4,,0.7,False,9524
vienna,Hilton Vienna Waterfront,15443,8.4,,3.6,False,6762
vienna,"Lindner Hotel Vienna Am Belvedere, part of JdV by Hyatt",4705,8.4,8.0,1.6,True,4036
vienna,"Prize by Radisson, Vienna City",2867,8.3,6.0,2.9,False,24014
vienna,SO/ Vienna,7894,8.8,10.0,0.6,False,4568
vienna,Franz-Josef City Apartment is Calling - by 4ty3 Apartments,16425,8.1,,2.6,False,61
vienna,Leonardo Hotel Vienna Schönbrunn,4389,8.8,8.0,4.0,False,11608
vienna,ARCOTEL Donauzentrum Wien,2941,8.5,8.0,6.0,False,4991
vienna,Vienna Marriott Hotel,11370,8.5,10.0,0.5,False,3685
vienna,The Leo Grand,8633,9.4,10.0,0.2,False,3372
vienna,Hotel Schani Wien Hauptbahnhof,3187,8.7,8.0,2.9,False,3852
vienna,Motel One Wien-Hauptbahnhof,3311,8.5,6.0,2.8,False,17998
vienna,Motel One Wien Westbahnhof,3461,8.6,6.0,2.9,False,14984
vienna,Motel One Wien-Staatsoper,4991,8.5,6.0,0.9,False,7557
vienna,Ruby Lissi Hotel Vienna by IHG,4509,8.2,8.0,0.45,False,4175
vienna,Sophienne Apartments,4374,9.3,,2.9,False,1968
vienna,A&T Hotel & Hostel,2389,8.1,,4.3,False,4624
vienna,Novotel Wien Hauptbahnhof,5612,8.7,8.0,2.6,False,6002
vienna,Hotel Rathauspark Wien - Handwritten Collection,3520,8.8,8.0,1.3,False,4085
vienna,Residence Inn by Marriott Vienna City East,3631,9.1,8.0,3.4,True,995
vienna,Hotel Enziana Wien,2854,7.0,,2.0,False,5573
vienna,Moxy Vienna City East,2370,8.8,6.0,3.5,False,5193
vienna,Ibis Wien Messe,4076,7.7,6.0,2.4,False,3584
vienna,Garner Hotel Vienna - Prinz Eugen by IHG,4388,8.1,8.0,2.3,False,922
vienna,Hilton Vienna Park,6740,8.4,,0.7,False,9524
vienna,Hilton Vienna Waterfront,15443,8.4,,3.6,False,6762
vienna,"Lindner Hotel Vienna Am Belvedere, part of JdV by Hyatt",4705,8.4,8.0,1.6,True,4036
vienna,"Prize by Radisson, Vienna City",2867,8.3,6.0,2.9,False,24014
vienna,SO/ Vienna,7894,8.8,10.0,0.6,False,4568
vienna,Franz-Josef City Apartment is Calling - by 4ty3 Apartments,16425,8.1,,2.6,False,61
vienna,Leonardo Hotel Vienna Schönbrunn,4389,8.8,8.0,4.0,False,11608
vienna,ARCOTEL Donauzentrum Wien,2941,8.5,8.0,6.0,False,4991
vienna,Vienna Marriott Hotel,11370,8.5,10.0,0.5,False,3685
vienna,The Leo Grand,8633,9.4,10.0,0.2,False,3372
vienna,Hotel Schani Wien Hauptbahnhof,3187,8.7,8.0,2.9,False,3852
vienna,Motel One Wien-Hauptbahnhof,3311,8.5,6.0,2.8,False,17998
vienna,Motel One Wien Westbahnhof,3461,8.6,6.0,2.9,False,14984
vienna,Motel One Wien-Staatsoper,4991,8.5,6.0,0.9,False,7557
vienna,Ruby Lissi Hotel Vienna by IHG,4509,8.2,8.0,0.45,False,4175
vienna,Sophienne Apartments,4374,9.3,,2.9,False,1968
vienna,A&T Hotel & Hostel,2389,8.1,,4.3,False,4624
vienna,Novotel Wien Hauptbahnhof,5612,8.7,8.0,2.6,False,6002
vienna,Hotel Rathauspark Wien - Handwritten Collection,3520,8.8,8.0,1.3,False,4085
vienna,Residence Inn by Marriott Vienna City East,3631,9.1,8.0,3.4,True,995
vienna,Hotel Enziana Wien,2854,7.0,,2.0,False,5573
vienna,Moxy Vienna City East,2370,8.8,6.0,3.5,False,5193
vienna,Ibis Wien Messe,4076,7.7,6.0,2.4,False,3584
vienna,Garner Hotel Vienna - Prinz Eugen by IHG,4388,8.1,8.0,2.3,False,922
vienna,Hilton Vienna Park,6740,8.4,,0.7,False,9524
vienna,Hilton Vienna Waterfront,15443,8.4,,3.6,False,6762
vienna,"Lindner Hotel Vienna Am Belvedere, part of JdV by Hyatt",4705,8.4,8.0,1.6,True,4036
vienna,"Prize by Radisson, Vienna City",2867,8.3,6.0,2.9,False,24014
vienna,SO/ Vienna,7894,8.8,10.0,0.6,False,4568
vienna,Franz-Josef City Apartment is Calling - by 4ty3 Apartments,16425,8.1,,2.6,False,61
vienna,Leonardo Hotel Vienna Schönbrunn,4389,8.8,8.0,4.0,False,11608
vienna,ARCOTEL Donauzentrum Wien,2941,8.5,8.0,6.0,False,4991
vienna,Vienna Marriott Hotel,11370,8.5,10.0,0.5,False,3685
budapest,"Szerb Boutique Suites, by BQA",2231,7.7,,0.9,False,121
budapest,Verdi Budapest Aquincum,3319,8.1,8.0,4.5,False,6397
budapest,Aquaworld Resort Budapest,4477,8.9,8.0,12.3,True,6840
budapest,Carat Boutique Hotel,3561,8.8,8.0,0.1,True,5485
budapest,Ensana Grand Margaret Island,3464,8.9,8.0,3.9,True,6228
budapest,TRIBE Budapest Airport,3635,9.0,8.0,17.2,True,1959
budapest,Danubius Hotel Hungaria City Center,3186,8.5,8.0,1.7,False,9786
budapest,Danubius Hotel Astoria City Center,3195,8.3,8.0,0.45,False,10248
budapest,Hampton By Hilton Budapest City Centre,3290,9.0,6.0,0.8,True,5423
budapest,Marmara Hotel Budapest,3149,8.0,8.0,1.5,False,3105
budapest,You Hotel Budapest - Handwritten Collection,2473,9.2,8.0,0.8,False,442
budapest,Medos Hotel,1972,8.5,6.0,1.0,False,8669
budapest,Danubius Hotel Helia,3666,9.0,8.0,3.1,True,12191
budapest,GoodWind Aparthotel,2505,8.6,,2.7,False,346
budapest,IntercityHotel Budapest,1683,9.0,8.0,1.9,False,4884
budapest,"Radisson Blu Béke Hotel, Budapest",3970,8.9,8.0,1.2,False,8877
budapest,Oasis Inn Budapest,4350,9.0,6.0,1.2,False,358
budapest,Dean's Home Budapest,1962,8.7,6.0,2.4,False,9095
budapest,Novotel Budapest City,3676,8.2,8.0,2.6,True,3404
budapest,SANDRA APARTMENT CLOSE TO CHAIN BRIDGE,2673,9.2,,0.9,False,159
budapest,BasiliQ Hotel,4050,9.5,8.0,0.5,True,751
budapest,Ensana Thermal Margaret Island,3439,9.0,8.0,4.0,True,8027
budapest,ibis Budapest Stadium,3488,9.1,6.0,4.0,False,3496
budapest,Budapest Panorama Central,1838,8.1,6.0,0.35,False,2660
budapest,Budapest Riverfront Apartment,3714,9.0,,0.6,False,74
budapest,Benett apartman,2147,9.0,,1.8,False,231
budapest,Verdi Budapest Aquincum,3319,8.1,8.0,4.5,False,6397
budapest,Aquaworld Resort Budapest,4477,8.9,8.0,12.3,True,6840
budapest,Carat Boutique Hotel,3561,8.8,8.0,0.1,True,5485
budapest,Ensana Grand Margaret Island,3464,8.9,8.0,3.9,True,6228
budapest,TRIBE Budapest Airport,3635,9.0,8.0,17.2,True,1959
budapest,Danubius Hotel Hungaria City Center,3186,8.5,8.0,1.7,False,9786
budapest,Danubius Hotel Astoria City Center,3195,8.3,8.0,0.45,False,10248
budapest,Hampton By Hilton Budapest City Centre,3290,9.0,6.0,0.8,True,5423
budapest,Marmara Hotel Budapest,3149,8.0,8.0,1.5,False,3105
budapest,You Hotel Budapest - Handwritten Collection,2473,9.2,8.0,0.8,False,442
budapest,Medos Hotel,1972,8.5,6.0,1.0,False,8669
budapest,Danubius Hotel Helia,3666,9.0,8.0,3.1,True,12191
budapest,GoodWind Aparthotel,2505,8.6,,2.7,False,346
budapest,IntercityHotel Budapest,1683,9.0,8.0,1.9,False,4884
budapest,"Radisson Blu Béke Hotel, Budapest",3970,8.9,8.0,1.2,False,8877
budapest,Oasis Inn Budapest,4350,9.0,6.0,1.2,False,358
budapest,Dean's Home Budapest,1962,8.7,6.0,2.4,False,9095
budapest,Novotel Budapest City,3676,8.2,8.0,2.6,True,3404
budapest,SANDRA APARTMENT CLOSE TO CHAIN BRIDGE,2673,9.2,,0.9,False,159
budapest,BasiliQ Hotel,4050,9.5,8.0,0.5,True,751
budapest,Ensana Thermal Margaret Island,3439,9.0,8.0,4.0,True,8027
budapest,ibis Budapest Stadium,3488,9.1,6.0,4.0,False,3496
budapest,Budapest Panorama Central,1838,8.1,6.0,0.35,False,2660
budapest,Budapest Riverfront Apartment,3714,9.0,,0.6,False,74
budapest,"Szerb Boutique Suites, by BQA",2231,7.7,,0.9,False,121
budapest,Verdi Budapest Aquincum,3319,8.1,8.0,4.5,False,6397
budapest,Aquaworld Resort Budapest,4477,8.9,8.0,12.3,True,6840
budapest,Carat Boutique Hotel,3561,8.8,8.0,0.1,True,5485
budapest,Ensana Grand Margaret Island,3464,8.9,8.0,3.9,True,6228
budapest,TRIBE Budapest Airport,3635,9.0,8.0,17.2,True,1959
budapest,Danubius Hotel Hungaria City Center,3186,8.5,8.0,1.7,False,9786
budapest,Danubius Hotel Astoria City Center,3195,8.3,8.0,0.45,False,10248
budapest,Hampton By Hilton Budapest City Centre,3290,9.0,6.0,0.8,True,5423
budapest,Marmara Hotel Budapest,3149,8.0,8.0,1.5,False,3105
budapest,You Hotel Budapest - Handwritten Collection,2473,9.2,8.0,0.8,False,442
budapest,Medos Hotel,1972,8.5,6.0,1.0,False,8669
budapest,Danubius Hotel Helia,3666,9.0,8.0,3.1,True,12191
budapest,GoodWind Aparthotel,2505,8.6,,2.7,False,346
budapest,IntercityHotel Budapest,1683,9.0,8.0,1.9,False,4884
budapest,"Radisson Blu Béke Hotel, Budapest",3970,8.9,8.0,1.2,False,8877
budapest,Oasis Inn Budapest,4350,9.0,6.0,1.2,False,358
budapest,Dean's Home Budapest,1962,8.7,6.0,2.4,False,9095
budapest,Novotel Budapest City,3676,8.2,8.0,2.6,True,3404
budapest,SANDRA APARTMENT CLOSE TO CHAIN BRIDGE,2673,9.2,,0.9,False,159
budapest,BasiliQ Hotel,4050,9.5,8.0,0.5,True,751
budapest,Ensana Thermal Margaret Island,3439,9.0,8.0,4.0,True,8027
budapest,ibis Budapest Stadium,3488,9.1,6.0,4.0,False,3496
budapest,Budapest Panorama Central,1838,8.1,6.0,0.35,False,2660
budapest,Budapest Riverfront Apartment,3714,9.0,,0.6,False,74
budapest,"Szerb Boutique Suites, by BQA",2231,7.7,,0.9,False,121
budapest,Verdi Budapest Aquincum,3319,8.1,8.0,4.5,False,6397
budapest,Aquaworld Resort Budapest,4477,8.9,8.0,12.3,True,6840
budapest,Carat Boutique Hotel,3561,8.8,8.0,0.1,True,5485
budapest,Ensana Grand Margaret Island,3464,8.9,8.0,3.9,True,6228
budapest,TRIBE Budapest Airport,3635,9.0,8.0,17.2,True,1959
budapest,Danubius Hotel Hungaria City Center,3186,8.5,8.0,1.7,False,9786
budapest,Danubius Hotel Astoria City Center,3195,8.3,8.0,0.45,False,10248
budapest,Hampton By Hilton Budapest City Centre,3290,9.0,6.0,0.8,True,5423
budapest,Marmara Hotel Budapest,3149,8.0,8.0,1.5,False,3105
budapest,You Hotel Budapest - Handwritten Collection,2473,9.2,8.0,0.8,False,442
budapest,Medos Hotel,1972,8.5,6.0,1.0,False,8669
budapest,Danubius Hotel Helia,3666,9.0,8.0,3.1,True,12191
budapest,GoodWind Aparthotel,2505,8.6,,2.7,False,346
budapest,IntercityHotel Budapest,1683,9.0,8.0,1.9,False,4884
budapest,"Radisson Blu Béke Hotel, Budapest",3970,8.9,8.0,1.2,False,8877
budapest,Oasis Inn Budapest,4350,9.0,6.0,1.2,False,358
budapest,Dean's Home Budapest,1962,8.7,6.0,2.4,False,9095
budapest,Novotel Budapest City,3676,8.2,8.0,2.6,True,3404
budapest,SANDRA APARTMENT CLOSE TO CHAIN BRIDGE,2673,9.2,,0.9,False,159
budapest,BasiliQ Hotel,4050,9.5,8.0,0.5,True,751
budapest,Ensana Thermal Margaret Island,3439,9.0,8.0,4.0,True,8027
budapest,ibis Budapest Stadium,3488,9.1,6.0,4.0,False,3496
budapest,Budapest Panorama Central,1838,8.1,6.0,0.35,False,2660
budapest,Budapest Riverfront Apartment,3714,9.0,,0.6,False,74
budapest,Economy Rooms and Apartments,1173,8.0,,0.7,False,3808
budapest,Verdi Budapest Aquincum,3319,8.1,8.0,4.5,False,6397
budapest,Aquaworld Resort Budapest,4477,8.9,8.0,12.3,True,6840
budapest,Carat Boutique Hotel,3561,8.8,8.0,0.1,True,5485
budapest,Ensana Grand Margaret Island,3464,8.9,8.0,3.9,True,6228
budapest,TRIBE Budapest Airport,3635,9.0,8.0,17.2,True,1959
budapest,Danubius Hotel Hungaria City Center,3186,8.5,8.0,1.7,False,9786
budapest,Danubius Hotel Astoria City Center,3195,8.3,8.0,0.45,False,10248
budapest,Hampton By Hilton Budapest City Centre,3290,9.0,6.0,0.8,True,5423
budapest,Marmara Hotel Budapest,3149,8.0,8.0,1.5,False,3105
budapest,You Hotel Budapest - Handwritten Collection,2473,9.2,8.0,0.8,False,442
budapest,Medos Hotel,1972,8.5,6.0,1.0,False,8669
budapest,Danubius Hotel Helia,3666,9.0,8.0,3.1,True,12191
budapest,GoodWind Aparthotel,2505,8.6,,2.7,False,346
budapest,IntercityHotel Budapest,1683,9.0,8.0,1.9,False,4884
budapest,"Radisson Blu Béke Hotel, Budapest",3970,8.9,8.0,1.2,False,8877
budapest,Oasis Inn Budapest,4350,9.0,6.0,1.2,False,358
budapest,Dean's Home Budapest,1962,8.7,6.0,2.4,False,9095
budapest,Novotel Budapest City,3676,8.2,8.0,2.6,True,3404
budapest,SANDRA APARTMENT CLOSE TO CHAIN BRIDGE,2673,9.2,,0.9,False,159
budapest,BasiliQ Hotel,4050,9.5,8.0,0.5,True,751
budapest,Ensana Thermal Margaret Island,3439,9.0,8.0,4.0,True,8027
budapest,ibis Budapest Stadium,3488,9.1,6.0,4.0,False,3496
budapest,Budapest Panorama Central,1838,8.1,6.0,0.35,False,2660
budapest,Budapest Riverfront Apartment,3714,9.0,,0.6,False,74
budapest,"Szerb Boutique Suites, by BQA",2231,7.7,,0.9,False,121
budapest,Verdi Budapest Aquincum,3319,8.1,8.0,4.5,False,6397
budapest,Aquaworld Resort Budapest,4477,8.9,8.0,12.3,True,6840
budapest,Carat Boutique Hotel,3561,8.8,8.0,0.1,True,5485
budapest,Ensana Grand Margaret Island,3464,8.9,8.0,3.9,True,6228
budapest,TRIBE Budapest Airport,3635,9.0,8.0,17.2,True,1959
budapest,Danubius Hotel Hungaria City Center,3186,8.5,8.0,1.7,False,9786
budapest,Danubius Hotel Astoria City Center,3195,8.3,8.0,0.45,False,10248
budapest,Hampton By Hilton Budapest City Centre,3290,9.0,6.0,0.8,True,5423
budapest,Marmara Hotel Budapest,3149,8.0,8.0,1.5,False,3105
budapest,You Hotel Budapest - Handwritten Collection,2473,9.2,8.0,0.8,False,442
budapest,Medos Hotel,1972,8.5,6.0,1.0,False,8669
budapest,Danubius Hotel Helia,3666,9.0,8.0,3.1,True,12191
budapest,GoodWind Aparthotel,2505,8.6,,2.7,False,346
budapest,IntercityHotel Budapest,1683,9.0,8.0,1.9,False,4884
budapest,"Radisson Blu Béke Hotel, Budapest",3970,8.9,8.0,1.2,False,8877
budapest,Oasis Inn Budapest,4350,9.0,6.0,1.2,False,358
budapest,Dean's Home Budapest,1962,8.7,6.0,2.4,False,9095
budapest,Novotel Budapest City,3676,8.2,8.0,2.6,True,3404
budapest,SANDRA APARTMENT CLOSE TO CHAIN BRIDGE,2673,9.2,,0.9,False,159
budapest,BasiliQ Hotel,4050,9.5,8.0,0.5,True,751
budapest,Ensana Thermal Margaret Island,3439,9.0,8.0,4.0,True,8027
budapest,ibis Budapest Stadium,3488,9.1,6.0,4.0,False,3496
budapest,Budapest Panorama Central,1838,8.1,6.0,0.35,False,2660
budapest,Budapest Riverfront Apartment,3714,9.0,,0.6,False,74
budapest,"Szerb Boutique Suites, by BQA",2231,7.7,,0.9,False,121
budapest,Verdi Budapest Aquincum,3319,8.1,8.0,4.5,False,6397
budapest,Aquaworld Resort Budapest,4477,8.9,8.0,12.3,True,6840
budapest,Carat Boutique Hotel,3561,8.8,8.0,0.1,True,5485
budapest,Ensana Grand Margaret Island,3464,8.9,8.0,3.9,True,6228
budapest,TRIBE Budapest Airport,3635,9.0,8.0,17.2,True,1959
budapest,Danubius Hotel Hungaria City Center,3186,8.5,8.0,1.7,False,9786
budapest,Danubius Hotel Astoria City Center,3195,8.3,8.0,0.45,False,10248
budapest,Hampton By Hilton Budapest City Centre,3290,9.0,6.0,0.8,True,5423
budapest,Marmara Hotel Budapest,3149,8.0,8.0,1.5,False,3105
budapest,You Hotel Budapest - Handwritten Collection,2473,9.2,8.0,0.8,False,442
budapest,Medos Hotel,1972,8.5,6.0,1.0,False,8669
budapest,Danubius Hotel Helia,3666,9.0,8.0,3.1,True,12191
budapest,GoodWind Aparthotel,2505,8.6,,2.7,False,346
budapest,IntercityHotel Budapest,1683,9.0,8.0,1.9,False,4884
budapest,"Radisson Blu Béke Hotel, Budapest",3970,8.9,8.0,1.2,False,8877
budapest,Oasis Inn Budapest,4350,9.0,6.0,1.2,False,358
budapest,Dean's Home Budapest,1962,8.7,6.0,2.4,False,9095
budapest,Novotel Budapest City,3676,8.2,8.0,2.6,True,3404
budapest,SANDRA APARTMENT CLOSE TO CHAIN BRIDGE,2673,9.2,,0.9,False,159
budapest,BasiliQ Hotel,4050,9.5,8.0,0.5,True,751
budapest,Ensana Thermal Margaret Island,3439,9.0,8.0,4.0,True,8027
budapest,ibis Budapest Stadium,3488,9.1,6.0,4.0,False,3496
budapest,Budapest Panorama Central,1838,8.1,6.0,0.35,False,2660
budapest,Budapest Riverfront Apartment,3714,9.0,,0.6,False,74
budapest,"Szerb Boutique Suites, by BQA",2231,7.7,,0.9,False,121
budapest,Verdi Budapest Aquincum,3319,8.1,8.0,4.5,False,6397
budapest,Aquaworld Resort Budapest,4477,8.9,8.0,12.3,True,6840
budapest,Carat Boutique Hotel,3561,8.8,8.0,0.1,True,5485
budapest,Ensana Grand Margaret Island,3464,8.9,8.0,3.9,True,6228
budapest,TRIBE Budapest Airport,3635,9.0,8.0,17.2,True,1959
budapest,Danubius Hotel Hungaria City Center,3186,8.5,8.0,1.7,False,9786
budapest,Danubius Hotel Astoria City Center,3195,8.3,8.0,0.45,False,10248
budapest,Hampton By Hilton Budapest City Centre,3290,9.0,6.0,0.8,True,5423
budapest,Marmara Hotel Budapest,3149,8.0,8.0,1.5,False,3105
budapest,You Hotel Budapest - Handwritten Collection,2473,9.2,8.0,0.8,False,442
budapest,Medos Hotel,1972,8.5,6.0,1.0,False,8669
budapest,Danubius Hotel Helia,3666,9.0,8.0,3.1,True,12191
budapest,GoodWind Aparthotel,2505,8.6,,2.7,False,346
budapest,IntercityHotel Budapest,1683,9.0,8.0,1.9,False,4884
budapest,"Radisson Blu Béke Hotel, Budapest",3970,8.9,8.0,1.2,False,8877
budapest,Oasis Inn Budapest,4350,9.0,6.0,1.2,False,358
budapest,Dean's Home Budapest,1962,8.7,6.0,2.4,False,9095
budapest,Novotel Budapest City,3676,8.2,8.0,2.6,True,3404
budapest,SANDRA APARTMENT CLOSE TO CHAIN BRIDGE,2673,9.2,,0.9,False,159
budapest,BasiliQ Hotel,4050,9.5,8.0,0.5,True,751
budapest,Ensana Thermal Margaret Island,3439,9.0,8.0,4.0,True,8027
budapest,ibis Budapest Stadium,3488,9.1,6.0,4.0,False,3496
budapest,Budapest Panorama Central,1838,8.1,6.0,0.35,False,2660
budapest,Budapest Riverfront Apartment,3714,9.0,,0.6,False,74
budapest,"Szerb Boutique Suites, by BQA",2231,7.7,,0.9,False,121
budapest,Verdi Budapest Aquincum,3319,8.1,8.0,4.5,False,6397
budapest,Aquaworld Resort Budapest,4477,8.9,8.0,12.3,True,6840
budapest,Carat Boutique Hotel,3561,8.8,8.0,0.1,True,5485
budapest,Ensana Grand Margaret Island,3464,8.9,8.0,3.9,True,6228
budapest,TRIBE Budapest Airport,3635,9.0,8.0,17.2,True,1959
budapest,Danubius Hotel Hungaria City Center,3186,8.5,8.0,1.7,False,9786
budapest,Danubius Hotel Astoria City Center,3195,8.3,8.0,0.45,False,10248
budapest,Hampton By Hilton Budapest City Centre,3290,9.0,6.0,0.8,True,5423
budapest,Marmara Hotel Budapest,3149,8.0,8.0,1.5,False,3105
budapest,You Hotel Budapest - Handwritten Collection,2473,9.2,8.0,0.8,False,442
budapest,Medos Hotel,1972,8.5,6.0,1.0,False,8669
budapest,Danubius Hotel Helia,3666,9.0,8.0,3.1,True,12191
budapest,GoodWind Aparthotel,2505,8.6,,2.7,False,346
budapest,IntercityHotel Budapest,1683,9.0,8.0,1.9,False,4884
budapest,"Radisson Blu Béke Hotel, Budapest",3970,8.9,8.0,1.2,False,8877
budapest,Oasis Inn Budapest,4350,9.0,6.0,1.2,False,358
budapest,Dean's Home Budapest,1962,8.7,6.0,2.4,False,9095
budapest,Novotel Budapest City,3676,8.2,8.0,2.6,True,3404
budapest,SANDRA APARTMENT CLOSE TO CHAIN BRIDGE,2673,9.2,,0.9,False,159
budapest,BasiliQ Hotel,4050,9.5,8.0,0.5,True,751
budapest,Ensana Thermal Margaret Island,3439,9.0,8.0,4.0,True,8027
budapest,ibis Budapest Stadium,3488,9.1,6.0,4.0,False,3496
budapest,Budapest Panorama Central,1838,8.1,6.0,0.35,False,2660
budapest,Budapest Riverfront Apartment,3714,9.0,,0.6,False,74
budapest,"Szerb Boutique Suites, by BQA",2231,7.7,,0.9,False,121
budapest,Verdi Budapest Aquincum,3319,8.1,8.0,4.5,False,6397
budapest,Aquaworld Resort Budapest,4477,8.9,8.0,12.3,True,6840
budapest,Carat Boutique Hotel,3561,8.8,8.0,0.1,True,5485
budapest,Ensana Grand Margaret Island,3464,8.9,8.0,3.9,True,6228
budapest,TRIBE Budapest Airport,3635,9.0,8.0,17.2,True,1959
budapest,Danubius Hotel Hungaria City Center,3186,8.5,8.0,1.7,False,9786
budapest,Danubius Hotel Astoria City Center,3195,8.3,8.0,0.45,False,10248
budapest,Hampton By Hilton Budapest City Centre,3290,9.0,6.0,0.8,True,5423
budapest,Marmara Hotel Budapest,3149,8.0,8.0,1.5,False,3105
budapest,You Hotel Budapest - Handwritten Collection,2473,9.2,8.0,0.8,False,442
budapest,Medos Hotel,1972,8.5,6.0,1.0,False,8669
budapest,Danubius Hotel Helia,3666,9.0,8.0,3.1,True,12191
budapest,GoodWind Aparthotel,2505,8.6,,2.7,False,346
budapest,IntercityHotel Budapest,1683,9.0,8.0,1.9,False,4884
budapest,"Radisson Blu Béke Hotel, Budapest",3970,8.9,8.0,1.2,False,8877
budapest,Oasis Inn Budapest,4350,9.0,6.0,1.2,False,358
budapest,Dean's Home Budapest,1962,8.7,6.0,2.4,False,9095
budapest,Novotel Budapest City,3676,8.2,8.0,2.6,True,3404
budapest,SANDRA APARTMENT CLOSE TO CHAIN BRIDGE,2673,9.2,,0.9,False,159
budapest,BasiliQ Hotel,4050,9.5,8.0,0.5,True,751
budapest,Ensana Thermal Margaret Island,3439,9.0,8.0,4.0,True,8027
budapest,ibis Budapest Stadium,3488,9.1,6.0,4.0,False,3496
budapest,Budapest Panorama Central,1838,8.1,6.0,0.35,False,2660
budapest,Budapest Riverfront Apartment,3714,9.0,,0.6,False,74
